number	state	created	closed	labels	title
3196	open	2026-10-01			Support phylogeny publishing
3195	open	2026-09-30		bug;Data Package : Camtrap DP	Encoding for datapackage.json in a camtrapDP dataset comes from Tomcat environment
3194	closed	2026-09-30	2026-10-01		Resource exceeding maximum publication failures is not reflected on the overview page
3192	open	2026-09-29			Allow managers without registration rights to publish selected resources
3191	closed	2026-09-29	2026-10-01		Allow bulk publication for resources that have exceeded the maximum number of failed publication attempts.
3188	open	2026-09-24			"Health page's IPT public access shows ""Failed"" without explanation"
3187	open	2026-09-24			Gracefully handle quoted CR/LF characters when creating a new source from a file
3186	open	2026-09-24			RedirectMessageInterceptor does not work as expected
3185	closed	2026-09-22	2026-10-01	bug	Problem with organization name language
3184	closed	2026-09-17	2026-10-01		Display Camtrap DP project identifier in IPT
3183	open	2026-09-15			IPT Event extension support for dwc:sampledSubstrateLayer
3182	closed	2026-09-15	2026-09-17		IPT update did not surface all new terms?
3180	open	2026-09-14			Can't replace source files
3179	open	2026-09-11			Split `ResourceManager` into several services
3177	open	2026-09-10		Data Package: DwC DP	Dataset type selection for DwC-DP resources
3176	closed	2026-09-09	2026-09-09		Humboldt extension terms in test IPT appear to need update
3175	closed	2026-09-09	2026-09-10	bug	Intellectual Rights link stripped from EML metadata after filtering, blocking dataset publication
3174	closed	2026-09-09	2026-09-17	question	Mismatch between versions of EML shown and in the DwC-A?
3171	closed	2026-09-07	2026-09-09	Data Package: DwC DP	IPT reads files inside a /data directory in the preview but does not load them after
3167	open	2026-09-04			Admin control and global overview for Auto-publication feature
3166	closed	2026-09-02	2026-09-07		Escape user-input fields when displayed
3165	closed	2026-09-02	2026-09-07	bug	Source page does not allow changing field delimiter
3164	closed	2026-09-02	2026-09-04	bug	Account page does not allow changing first name and/or last name
3163	closed	2026-09-01	2026-09-09	Data Package: DwC DP	DwC-DP data package descriptor validation reports issues in the validation report
3162	closed	2026-08-31	2026-08-31		Deleting resources in IPT doesn't delete them from the ipt/tmp directory
3161	closed	2026-08-31	2026-09-02	Data Package: DwC DP	Make sure publication cancellation and version rollback works
3160	closed	2026-08-31	2026-08-31		New common scroll spy component
3157	closed	2026-08-27	2026-08-31	Data Package: DwC DP	IPT displays resource shortnames instead of titles on the home page
3156	closed	2026-08-27	2026-09-07		"All datasets empty, gives error ""Unforeseen error"" when trying to view records"
3155	closed	2026-08-26	2026-09-09	Data Package: DwC DP	Display EML metadata for DwC-DP resources on the resource page
3153	closed	2026-08-20	2026-08-25	Data Package : Camtrap DP;Data Package: DwC DP	DwC DP IPT cannot upload Camtrap datasets
3152	closed	2026-08-20	2026-08-20	Data Package : ColDP	Update ColDP metadata
3151	closed	2026-08-19	2026-08-26	Data Package: DwC DP	"Improve ""Create New Resource"" component"
3150	closed	2026-08-13	2026-08-31	Data Package: DwC DP	DwC-DP: reconciling overlapping metadata between EML and datapackage.json
3148	closed	2026-08-12	2026-08-19	Data Package;Data Package: DwC DP	Disable publication if there are unmapped required fields
3146	closed	2026-08-11	2026-08-12	Data Package;Data Package: DwC DP	IPT does not automap columns `*_pk` and `*_fk`
3145	closed	2026-08-11	2026-08-11	Data Package;Data Package: DwC DP	IPT sometimes cannot infer DwC-DP type when creating a resource from an archive
3144	closed	2026-08-11	2026-08-11	Data Package;Data Package: DwC DP	Support RFC 3339 format for the `created` field
3141	closed	2026-08-10	2026-08-11	Data Package;Data Package: DwC DP	Cannot add a license to a DwC-DP resource
3140	closed	2026-08-10	2026-08-10		IPT issue: resource stuck at 0 records + metadata validation error
3139	closed	2026-08-09	2026-08-10		EML validation on the IPT fails for all datasets due to 308 redirects on rs.gbif.org
3132	closed	2026-08-07	2026-08-21	Data Package	Improve metadata import error messages when creating a data package from archive
3131	closed	2026-08-07	2026-09-08	Data Package: DwC DP	Split DwC DP publication from Data Package publication
3130	closed	2026-08-07	2026-08-26	Data Package: DwC DP	Display DwC-DP validation report in the IPT
3129	open	2026-08-07		Data Package: DwC DP	Add publication progress stepper to DwC DP publishing page
3128	closed	2026-08-04	2026-08-04		Improve compressed-file detection during source upload
3127	closed	2026-07-31	2026-09-09	Data Package;Data Package: DwC DP	Implement lightweight functionality for assembling a data package
3126	open	2026-07-29			Allow system notification banner / maintenance message for users
3125	closed	2026-07-29	2026-08-13		Dataset showing twice on IPT because using a different type case in the short name
3120	closed	2026-07-23	2026-08-25	Data Package: DwC DP	Missing element in the EML.xml coming from a DwC Data Package
3119	open	2026-07-17			Explore changes to Data Package Schema Mapping in GBIF IPT
3118	closed	2026-07-16	2026-07-17		Remove FreeMarker `?interpret` from user-controlled content
3117	open	2026-07-16		Data Package	Idea: Automapping tables for DwC-DP based on filenames
3116	closed	2026-07-16	2026-07-17		IPT does not start after updating to Struts 7.2.*
3115	closed	2026-07-16	2026-07-17	bug	Setup wizard steps validate the wrong state, allowing steps to re-run after setup is complete
3109	open	2026-07-09			Inconsistence validation for missing occurrenceID
3108	closed	2026-07-08	2026-08-04	Data Package: DwC DP	Accommodate dev and release DwC-DP schemas
3106	open	2026-07-06			Trigger a new checklist import once a new version was published
3097	closed	2026-06-26	2026-08-04		zip archive uploaded to the IPT changes meta.xml and eml.xml to .txt files
3096	open	2026-06-26			Enable publishingCountry for IPT
3095	open	2026-06-26			IPT cannot delete an admin account
3084	closed	2026-06-17	2026-06-17		Action Required: Fix Renovate Configuration
3081	open	2026-06-16			Unclear which extensions and terms are indexed at the mapping step
3080	open	2026-06-16			IPT version 3.3.2 DwC MaterialEntity contains 180 properties
3079	closed	2026-06-16	2026-06-24		Asia's regional cloud IPT garbles mapping - IPT needs updating?
3078	closed	2026-06-15	2026-06-16		"PublishingMonitor keeps logging ""Skipping auto-publication..."" for failed resources"
3077	closed	2026-06-12	2026-06-16		IPT 3.3.0 exposes a third-party service API key
3076	closed	2026-06-12	2026-06-15		Tomcat vulnerabilities in IPT 3.3.0
3065	closed	2026-06-09	2026-06-15		Possible to support data submission via API?
3063	open	2026-06-03			Client-side HTTP parameter pollution in language-switcher URLs
3062	closed	2026-06-03	2026-06-03		Temporal coverage issue in Metadata for publication
3061	closed	2026-06-03	2026-06-12	bug	Freemarker errors in the logs: report.ftl
3060	open	2026-06-03			Rust coreutils has broken 'sort', now the default in Ubuntu 26.04
3059	closed	2026-06-03	2026-06-12		Do not start a new auto-publication immediately after a publication is cancelled
3058	open	2026-06-03			Idea: publishing monitor page
3057	closed	2026-06-03	2026-06-17		Cancel publication action should redirect to the overview page
3055	closed	2026-06-01	2026-06-16	Type-NewFeature	Auto published datasets should alert data owners or the IPT admins when publication fails
3053	closed	2026-05-29	2026-06-12	bug	Preview does not work
3052	closed	2026-05-29	2026-06-17		Cannot create DwC-DP mappings on https://dwcdp-ipt.gbif-test.org
3051	closed	2026-05-19	2026-06-17		IPT Unforeseen error
3050	closed	2026-05-18	2026-06-17		Renovate should target dev branch instead of master
3045	closed	2026-05-11	2026-05-11	bug;Component-UI	IPT does not display the field delimiter and field quotes at the source page
3044	closed	2026-05-08	2026-06-16		Change summary of new version not showing
3043	closed	2026-05-08	2026-05-08		IPT incorrectly infers the resource type
3039	closed	2026-05-05	2026-05-08	bug	Cannot map data for Camtrap DP on GBIF Test IPT
3037	closed	2026-04-30	2026-05-08	bug	EML file version #1.0 for resrouce benthicmacro_emmelie couldnt be parsed
3035	open	2026-04-28			Error when uploading a DwC-A file as source data from a URL
3034	closed	2026-04-27	2026-06-03		java.io.IOException: No space left on device
3033	closed	2026-04-24	2026-05-08	bug;Component-UI	IPT cannot display a description: Unexpected identifier
3028	closed	2026-04-21	2026-04-21		Update JQuery libraries
3027	closed	2026-04-20	2026-04-21		jQuery UI 1.12.1 bundled in IPT 3.3.0 has known CVEs
3021	closed	2026-04-17	2026-04-20		"Updating to 3.3.0: ""Cannot read resource configuration"""
3020	closed	2026-04-14	2026-04-21		DuckDB not working
3017	open	2026-04-13			Consider replacing XStream
3016	closed	2026-04-10	2026-04-20		Error loading sqlsource in IPT 3.3.0
3009	closed	2026-03-31	2026-09-07		Replace “Published on …” with “Scheduled for publishing on …” for resources with autopublication enabled
3007	closed	2026-03-31	2026-04-01		Unforseen error in /resources
3006	closed	2026-03-31	2026-03-31		The registry requires that the contact’s organization name be at least 2 characters long
3005	closed	2026-03-30	2026-04-07		Update and tidy up libraries
2996	open	2026-03-26			[Feature suggestion] View resources a user manages from their user page/admin panel
2995	closed	2026-03-26	2026-03-30		Broken image on some modal windows
2994	closed	2026-03-26	2026-03-27		Show the term short name underneath the human readable name at the mapping page
2989	closed	2026-03-25	2026-03-26		IPT not compatible with Tomcat 10 or 11
2988	closed	2026-03-20	2026-03-23		"deletion procedure: verify that ""delete from IPT and Portal"" removes from both"
2987	closed	2026-03-20	2026-03-20		I can't map ID column of species distribution extension
2986	closed	2026-03-20	2026-03-20		Warn that deleting core mapping will delete all extension mappings
2985	closed	2026-03-20	2026-03-20		Can't seem to be able to upload several source files at once
2984	closed	2026-03-20	2026-03-20		Can't save IPT coordinates because of URL issue
2983	closed	2026-03-20	2026-03-23		"GBIF registration options - what should ""update registration"" do?"
2982	closed	2026-03-20	2026-03-20		IPT settings do not display some of the fields
2981	closed	2026-03-20	2026-03-20		Ensure that the password is URL-encoded when generating a user account email link
2980	closed	2026-03-20	2026-03-20		Cannot map to other tables than occurrence core
2979	closed	2026-03-19	2026-03-24		Create a Resource: Type = Other?
2978	closed	2026-03-18	2026-03-31		Unforeseen error in my IPT resource
2973	closed	2026-03-10	2026-03-25	DOI	not possible to register DOI
2972	closed	2026-03-09	2026-03-19		Checking for a missing ipt resource
2971	closed	2026-03-06	2026-03-16		Improve resource visibility handling
2970	closed	2026-03-06	2026-06-17	bug	IPT Unforeseen error
2969	open	2026-03-05			Check last modified date when performing bulk publication
2968	closed	2026-03-04	2026-03-04		IPT cannot start correctly if data directory is not provided in advance
2966	closed	2026-03-03	2026-03-04	Type-Enhancement	Retain current page when logging in
2964	closed	2026-03-02	2026-03-02	Component-UI	Add a note in the UI indicating that the publishing organization selection has moved to the Publication Settings.
2963	closed	2026-03-02	2026-03-02	bug	Auto-generated citation is on but not displayed in the textarea
2962	closed	2026-02-25	2026-03-02		Publishing Organization tab not displaying linked organizations in Cloud IPTs
2961	closed	2026-02-24	2026-09-09		IPT _ JABOT - problems when consuming from a database
2959	closed	2026-02-23	2026-06-17		"Moving contacts ""blocks"" in the metadata"
2958	closed	2026-02-23	2026-02-24	bug;Data Package : Camtrap DP	Can't open Camtrap mappings
2957	closed	2026-02-19	2026-03-11		A warning or banner should be displayed if a resource is made public but the archive hasn't been republished
2956	closed	2026-02-18	2026-03-06		"Make ""Test Mode"" banner more visible"
2951	closed	2026-02-04	2026-02-05		Cannot update extension
2950	closed	2026-02-02	2026-02-03		Registration through GBIF - Error
2948	closed	2026-01-29	2026-03-24		Update RPM to support Java17
2947	closed	2026-01-28	2026-03-05		Update IPT to Jakarta Validation 3 and Hibernate Validator 8
2946	closed	2026-01-28	2026-03-05		Update Jetty to version 12 or higher
2945	closed	2026-01-28	2026-03-16		Update IPT core libraries
2943	closed	2026-01-27	2026-03-25		Add support for DuckDB
2942	closed	2026-01-26	2026-03-16		Make sure logs are properly rotated
2941	closed	2026-01-26	2026-03-16		Log resource deletion
2940	closed	2026-01-26	2026-03-24		Update IPT to Struts 7
2939	closed	2026-01-26	2026-03-05		Update IPT to Java 17
2938	open	2026-01-21			IPT cannot infer temporal coverage from a date that does not include a day
2937	closed	2026-01-20	2026-01-20		IPT does not log the gbif-common logs
2936	closed	2026-01-20	2026-01-21		NullPointerException when creating from archive
2935	closed	2026-01-19	2026-01-19		IPT does not log which lines do not have basisOfRecord during publication
2934	closed	2026-01-16	2026-01-21	bug	Checkboxes do not save
2931	closed	2026-01-11	2026-01-13		Updating/changing publishing institution not working
2930	open	2026-01-09			Docker images rebuilding unnecessarily
2926	closed	2026-01-06	2026-06-17		Metadata not saving for new resource
2923	open	2025-12-30			Possible integer overflow in UI
2922	open	2025-12-29			HTTP Content-Length not provided for DWCA downloads
2921	closed	2025-12-23	2026-02-11		outdated extension
2920	closed	2025-12-19	2026-01-21		Publication modal window is not displayed when click Publish
2919	closed	2025-12-18	2025-12-18	Metadata	"""At least one project contact is now mandatory"" is displayed for a resource without a project"
2918	closed	2025-12-17	2026-01-21		"Warning on Geographic Coverage tab and it takes forever to proceed on ""Stay on page"""
2917	open	2025-12-17			Organization list not appearing to add a new one
2914	closed	2025-12-15	2025-12-18		IPT cannot publish a new version
2913	open	2025-12-15			IPT reports out of date extensions and/or vocabularies after synchronization
2911	closed	2025-12-12	2025-12-15		Cannot open mapping tool
2910	closed	2025-12-11	2025-12-11		Calculate but do not compare checksum if auto-publication is off
2909	closed	2025-12-11	2025-12-11		IPT property to enable/disable frictionless package foreign key validation
2908	closed	2025-12-10	2025-12-11	bug	Organisation does not update at Publication Settings
2906	closed	2025-12-10	2025-12-11	bug	Add associated organization: organization info button is broken
2905	closed	2025-12-10	2025-12-11	bug	Null Pointer Exception when trying to publish all resources changed since last publication
2904	open	2025-12-09			The overview page fails to load properly if the registry networks request responds slowly
2903	closed	2025-12-09	2025-12-11		Bulk publication: allow searching by both title and short name
2902	closed	2025-12-09	2025-12-10		Add publication time and status to the resource publication page
2901	closed	2025-12-08	2025-12-08	Data Package : Camtrap DP	Create Camptrap from archive failed with NPE
2900	closed	2025-12-08	2025-12-08		Allow organization change with a warning
2892	closed	2025-12-03	2025-12-05		Overview broken due to escaped apostrophes in translation files
2889	open	2025-12-03			Institutional proxy setting not respected universally
2885	closed	2025-12-02	2025-12-02		"Large URL sources might get stuck in the ""processing"" state"
2884	open	2025-12-01			IPT container should log to stdout and stderr
2883	closed	2025-11-27	2026-06-17		Is 'Next publication' column used by many publishers?
2882	closed	2025-11-18	2025-11-19	Metadata;MetadataEditor	IPT does not report validation issues for Collection Data's Curatorial Units with only Method Type
2881	closed	2025-11-18	2025-11-18	bug;Data Package : Camtrap DP	Camtrap DP resource preview displays an error
2880	closed	2025-11-17	2025-11-18		Problem EML GBIF Brazil - IPT SiBBr
2878	open	2025-11-07			Automapping function
2877	closed	2025-11-07	2025-11-17		Inventory API v2
2876	closed	2025-11-06	2026-04-17		Download DwC archive on private mode
2873	closed	2025-11-05	2026-06-17		material entity extension
2872	closed	2025-11-05	2025-11-05		verbatimIdentification is not available in new IPT version.
2871	closed	2025-11-05	2025-11-05	Component-UI	Sanitize pasted content in EML editors (remove HTML and styles)
2869	closed	2025-11-04	2025-11-04		Indicate dataset category
2867	closed	2025-11-03	2025-11-18	Type-Enhancement;Component-UI	Add warning when leaving metadata page with unsaved changes
2866	closed	2025-11-03	2025-11-04	Type-Enhancement;Component-UI	Publish button to the registration modal window
2864	open	2025-10-29			Indicate alternative dataset endpoints/downloads
2862	open	2025-10-27			SSO for Users?
2860	closed	2025-10-22	2026-03-17		NULL characters fail ingestion but can be published from the IPT
2859	open	2025-10-22		Data Package: DwC DP	DwC-DP publication crashes when validating primary and/or foreign keys - in some cases for tables that are not provided
2858	closed	2025-10-22	2025-12-02	Metadata;MetadataEditor	Description issue when saving resource with supported `<ol>` HTML tag
2857	open	2025-10-16			New role for viewing (not managing) private datasets
2855	closed	2025-10-09	2025-11-11	Metadata;MetadataEditor	License image is not displayed
2854	closed	2025-10-08	2025-11-10		Resource inventory failed due to versioned EML is not available
2853	closed	2025-10-08	2025-11-11		RSS should not include datasets unpublished
2852	open	2025-10-03			add deprecated status for users
2851	open	2025-10-03			CLIENT_PLUGIN_AUTH is required
2850	closed	2025-10-01	2025-11-03	Data Package: DwC DP	Out of memory error when trying to publish a DwC-DP resource
2847	closed	2025-09-30	2026-03-11		Related projects' description not included in eml generated
2845	open	2025-09-26			Representing coordinates in the geographic coverage that crosses the anti-meridian
2844	closed	2025-09-25	2025-09-30	Data Package: DwC DP	Unspecified foreign key validation failure
2843	closed	2025-09-25	2025-10-14		"URL sources stuck in ""processing"" state"
2842	closed	2025-09-25	2025-10-01	bug;Data Package: DwC DP	IPT fails after restart - Failed to load data schemas
2839	closed	2025-09-22	2025-09-24		Update UI to skip fields of Taxonomic Scope in CamtrapDP when they are not available
2838	open	2025-09-22			IPT reports a successful file upload even though the upload fails
2837	closed	2025-09-22	2025-09-22		Make sure IPT does not crash when creating a citation on the citation page
2836	closed	2025-09-19	2025-09-24		"Do not spam logs with ""Publication has failed ..."""
2834	open	2025-09-17		Data Package	Make sure IPT doesn't fail with serialization issues when can't serialize data packages from rs.gbif.org
2832	closed	2025-09-15	2025-09-24		Synchronize Extensions and Vocabularies doesn't update anything
2831	closed	2025-09-12	2025-09-15		Update messages at the extensions page
2830	open	2025-09-11		UserManual	Document DataCite mappings
2827	closed	2025-09-01	2025-09-02	Type-Enhancement	Cache the networks request in OverviewAction
2826	closed	2025-08-28	2025-08-28	Data Package: DwC DP	Automatically infer from source data is not working (also causing saving error with certain moves)
2825	closed	2025-08-26	2025-11-13	Metadata;MetadataEditor	Convert DocBook `<emphasis>` to `<em>` not `<b>`
2824	closed	2025-08-21	2025-10-03		Basic Metadata problems on Fiocruz IPT new version
2823	open	2025-08-21		bug	Use a system dependent separator in the configuration manager
2822	open	2025-08-20			Metadata failed to load error
2821	open	2025-08-20		Data Package : Camtrap DP	Add `sourceUrl` as property to `datapackage.json`
2818	closed	2025-08-15	2025-08-15	bug;Data Package	Not possible to remove erroneous mapping
2817	closed	2025-08-15	2025-08-28	bug	Wrong information is displayed in the publication popup
2815	closed	2025-08-14	2025-09-03		Parse `comments` in extension files
2814	open	2025-08-14			Only allow DocBook in description editor (not HTML)
2813	closed	2025-08-12	2025-08-27		Do publishers still need to add the IPT generated DOI to the alternative identifiers list?
2812	open	2025-08-11		Data Package: DwC DP	dwcdp data constraints feature request
2811	closed	2025-08-11	2025-08-27		dwcdp referential integrity feature request
2809	open	2025-08-07			Limit the choice of publishers for IPT users
2808	closed	2025-08-06	2025-08-18	bug;Data Package;Data Package: DwC DP	Sources keep being duplicated
2807	closed	2025-08-06	2025-08-18	bug;Data Package;Data Package: DwC DP	Contributors keep disappearing
2805	closed	2025-08-05	2025-08-05	UserManual	"Remove ""Occurrence Data (pending) best practise Guides tab from documentation"
2802	closed	2025-08-01	2025-08-04		project contact fields have been removed?
2795	open	2025-07-22		Translation;Data Package	Translations for data package descriptions
2787	open	2025-07-08			Add account related messages with links to translatable properties
2786	closed	2025-07-08	2025-07-08		"Error ""Java heap space"" - SiBBr - Brazil"
2785	closed	2025-07-08	2025-07-08	Metadata	Invalid EML - republish dataset SiBBr
2784	closed	2025-07-08	2025-07-23	Type-Enhancement;Component-UI	Display the file size and format of a URL before uploading
2783	closed	2025-07-08	2025-07-23		"The ""Delete source"" option in IPT does not result in the source file being deleted for a URL source"
2782	closed	2025-07-07	2025-07-23		issue with Material Entity & Material Citation (basisOfRecord)
2778	open	2025-06-26			IPT DOI Citation and Citation identifier incorrect presentation
2777	open	2025-06-26			html title in Basic metadata Description
2776	closed	2025-06-25	2025-07-02	bug;Data Package	IPT does not delete redundant data packege archives in archiving mode
2775	closed	2025-06-25	2025-07-02	bug;Data Package	"""Delete version"" does not remove actual files"
2772	closed	2025-06-24	2025-09-15		data Publishing problem
2769	open	2025-06-23			IPT does not show HTML correctly when dealing with `<![CDATA[ ]]>`
2768	closed	2025-06-23	2025-06-24		Associated Parties contact automatically added?
2766	closed	2025-06-16	2025-06-16	bug;Data Package	Change of type of `created` property in datapackage.json
2765	closed	2025-06-13	2025-07-02	Data Package	datapackage.json type error
2763	closed	2025-06-11	2025-06-16	Data Package : Camtrap DP;Data Package	Metadata in Camtrap DP archive does not contain license scope
2762	closed	2025-06-11	2025-06-11		Larger uploads result in `413 Content Too Large` error
2761	open	2025-06-10			Reporting security vulnerability
2759	closed	2025-06-06	2025-06-24	Data Package : Camtrap DP	Allow user to set at what level Camtrap DP observations are processed to Darwin Core Occurrences
2758	closed	2025-06-06	2025-11-13	Metadata;MetadataEditor	`<div>` not supported in description?
2757	closed	2025-06-04	2025-06-04		Make sure IPT reads the correct EML file when creating from DwC archive
2756	closed	2025-06-04	2025-06-04		Prevent NPEs in loading inferred metadata
2753	closed	2025-05-28	2025-07-24		Adding sources by URL can time out if they are very large
2752	open	2025-05-28		Type-Enhancement;Data Package	Flexible comparison for data package identifiers
2751	closed	2025-05-26	2026-03-17		cannot use IPT in test mode without registering it (docker container)
2748	open	2025-05-16			Mass edit of EML files
2747	closed	2025-05-14	2025-06-10	Data Package	Add offending file and line number to publication log
2744	open	2025-05-09			"Future date appears in the ""Date First Published"" field"
2742	open	2025-05-07		question	IPT registers occurrence dataset without mappings as Metadata dataset in Registry
2740	closed	2025-05-06	2025-05-13	bug;Data Package : Camtrap DP;Data Package	InvalidCastException when validating minimum constraint
2739	open	2025-05-05			Decimal separator changes from publication to publication
2738	closed	2025-04-29	2025-05-13	Data Package : Camtrap DP	CamptrapDP doesn't index on UAT
2737	closed	2025-04-29	2025-05-13	bug	Issue connecting to DataCite: Fail to setup JAXB
2736	closed	2025-04-29	2025-05-01		Data package resources are not stored in publication process reports
2735	closed	2025-04-29	2025-05-01		Metadata only resources are not stored in publication process reports
2733	closed	2025-04-28	2025-05-05	Component-UI	Improve UI for modal windows
2732	closed	2025-04-25	2025-04-25	Type-Enhancement	Guess resource type when uploading an archive in Create New Resource
2731	closed	2025-04-24	2025-04-26		Make sure bulk publication works even if some resources fail to publish
2730	closed	2025-04-24	2025-05-05		Add a selector to choose what resources to bulk publish
2729	open	2025-04-24			An option to cancel bulk publication
2728	closed	2025-04-24	2025-05-02		Display bulk publication status and logs
2727	closed	2025-04-24	2026-05-28	Type-Enhancement;Type-NewFeature	Bulk user registration
2724	closed	2025-04-22	2025-05-05	Type-Enhancement	Improve bulk publication function
2723	closed	2025-04-21	2025-06-23		Issue Registering Dataset Due to License Error
2721	closed	2025-04-14	2025-07-08		IPT - datasets problems
2716	closed	2025-04-10	2025-04-10		No access some datasets
2715	closed	2025-04-09	2025-04-11		IPT new version problems
2714	closed	2025-04-08	2025-11-10		inventory of datasets
2713	open	2025-04-08		Metadata;MetadataProfile;MetadataEditor	`<h1></h1>` is allowed in description but does not work
2711	open	2025-04-07		Metadata;Data Package : Camtrap DP	Infer temporal metadata does not work for Camtrap DP
2709	closed	2025-04-03	2025-06-24	Data Package : Camtrap DP	Camtrap DP dataset will not index although DP validates and no errors are detected in the IPT
2708	closed	2025-04-01	2025-04-01		Unforeseen error: A public resource appears as private and metadata file failed to load.
2705	open	2025-03-27			"Writing GBIF EML in r:  issue with <citation identifier=""doi.org/bla"">Author et al. (2025)</citation>"
2704	open	2025-03-27			IPT 3.1.0 - manage to publish archive with missing occurrence IDs
2703	open	2025-03-26			IPT logo is not updating in the UI Management
2702	closed	2025-03-25	2025-08-28	Metadata;Data Package : Camtrap DP	Fix info message for the temporal scope Camtrap metadata
2701	open	2025-03-25		Metadata	Text formatting issues in the metadata section and RTF metadata file
2700	open	2025-03-25			Merging Trait Descriptor & Trait Measurement Score extensions
2699	closed	2025-03-25	2025-04-10	Metadata	Issues with license after uploading from MDT
2698	open	2025-03-25		Type-Enhancement;Component-UI	Notify user when uploading files about unsuitable file formats
2696	closed	2025-03-24	2025-05-13		Problem upgrading IPT
2695	closed	2025-03-24	2025-08-29	bug	When adding second or third translation IPT creates several items instead of one
2694	closed	2025-03-20	2025-07-07	Type-Enhancement;Priority-Low	Add URL to IPT in email template to IPT administrator
2693	closed	2025-03-19	2025-03-21		Issue with publishing resources in VLIZ IPT instance
2689	open	2025-03-17			"Add the option to select rank for all taxa in the ""Add several taxa"" feature"
2687	closed	2025-03-14	2025-04-30		Migrate dependency injection from Guice to Spring
2686	closed	2025-03-14	2025-09-02	Component-UI	Back button works inconsistently in metadata
2685	closed	2025-03-12	2025-03-13	Component-UI;Data Package : Camtrap DP	"First name should not be required for ""people"" contributors"
2684	closed	2025-03-12	2025-03-12	Data Package : Camtrap DP	Contributor's last name is not validated when role is not provided
2683	closed	2025-03-11	2025-03-11	Type-Enhancement;Component-UI	Sections for admin IPT setting
2677	closed	2025-03-07	2025-03-07	Metadata	EML invalid
2670	closed	2025-03-07	2025-03-07		Add an icon or similar for a link back to an institution's homepage
2669	closed	2025-03-07	2025-03-10	bug;Metadata;MetadataEditor	Taxonomic coverage - IPT should not allow empty values
2668	open	2025-03-06			EventDate and decimalLatitude and decimalLongitude in event core and occurrence extension.
2667	closed	2025-03-05	2025-03-07	Metadata	Spelling error in EML generated by IPT
2666	closed	2025-03-05	2025-03-07	Metadata	Invalid EML - value '' is not valid
2665	closed	2025-03-04	2025-09-01	Data Package : Camtrap DP	CamTrap DP - the IPT doesn't warn for duplicate occurrence IDs
2664	open	2025-03-04		question;Data Package : Camtrap DP	Different metadata profile for Camtrap DP and DwC-A
2663	closed	2025-03-04	2025-03-13	bug;Data Package : Camtrap DP	Basic Metadata - Contributor information not saved
2659	open	2025-02-27		Data Package	Make sure datapackage update does not mess resource mappings
2658	open	2025-02-26			Display warning in GBIF registration options if there's Registry mismatch
2657	closed	2025-02-25	2025-09-02		Allow dataset networks to reject datasets to be linked
2656	closed	2025-02-24	2025-02-27	bug;Component-UI	Make sure extensions page does not fail because of Freemarker errors
2655	closed	2025-02-18	2025-03-10	Type-Enhancement;Metadata	License from MDT tool is not being properly recognized in the IPT
2654	closed	2025-02-15	2025-09-15		IPT error: mistaken occurrenceID duplicates or missing IDs
2653	closed	2025-02-14	2025-07-07	Metadata	Resource contacts
2652	closed	2025-02-14	2025-09-03	Metadata	"Warning ""At least one project contact is now mandatory"" does not disappear"
2651	open	2025-02-09		Metadata	Consistent EML validation
2650	open	2025-02-06			Possibility to make Darwin Core elements mandatory for publishing
2649	open	2025-02-05			Would it be possible to add AphiaIDs to species records on datasets on the IPT
2648	closed	2025-02-05	2025-02-07	bug;Metadata	IPT does not recognize CC-BY-NC license
2647	closed	2025-02-03	2025-11-26	Type-Enhancement;Metadata	Make EML validation error during publishing more clear
2646	closed	2025-02-03	2025-02-10	bug;Metadata	IPT allows to save empty fields in the metadata contacts page
2645	closed	2025-01-30	2025-02-10	Type-Enhancement;Metadata;Component-UI	UI improvements for metadata pages
2643	closed	2025-01-28	2025-02-10	bug;Metadata	Contact information for Associated Parties lost after save, not showing in preview
2642	closed	2025-01-24	2025-07-07		Question about translation of coordinates
2641	closed	2025-01-24	2025-02-15	Metadata	Cannot infer temporal coverage for dataset metadata
2639	closed	2025-01-21	2025-02-10	bug;Metadata	Unforeseen error: NPE in MetadataAction
2638	closed	2025-01-20	2025-01-20	Type-Enhancement;Data Package : Camtrap DP;Data Package	Log an actual error when adding metadata fails
2637	closed	2025-01-20	2025-01-21	Type-Enhancement	Preserve resource parameter in URL when validation fails on metadata page
2636	closed	2025-01-20	2025-09-12	bug	Publishing failed after changing resource organization
2634	closed	2025-01-08	2025-01-21	bug;Data Package : Camtrap DP	Error while publishing CamTrap resource: Problem occurred while adding metadata file
2633	closed	2025-01-08	2026-03-24		Docker image should not run as root
2632	closed	2025-01-02	2025-01-21	Type-NewFeature	Download EML from the overview page
2631	closed	2024-12-20	2025-07-23		DwCA as a URL source does not work
2630	open	2024-12-20			When adding a DwCA as a source skip eml.xml and meta.xml files
2629	open	2024-12-20			Make sure IPT does not erase registration file when fails to communicate with registry or rs.gbif.org
2628	open	2024-12-20			Suggest similar installations when registering the IPT to prevent duplicate installations
2627	closed	2024-12-20	2025-01-22	Metadata;MetadataEditor	"""Description is invalid. The entity ""nbsp"" was referenced, but not declared."" when saving the Basic metadata page"
2626	closed	2024-12-18	2024-12-20		occurrenceID in Measurement or Facts
2624	closed	2024-12-18	2025-06-10	Type-Enhancement	Do not create technical files in the root directory when running tests.
2623	closed	2024-12-16	2024-12-16	Data Package : ColDP	ColDP to production
2622	closed	2024-12-16	2025-04-30	Priority-High	Apache Struts Vulnerability
2621	open	2024-12-13		Data Package : Camtrap DP	Include DOI in Camtrap DP citation
2620	closed	2024-12-12	2025-02-06	bug;Data Package : Camtrap DP	IPT ignores text after `'` in person name (Camtrap DP)
2617	closed	2024-12-11	2024-12-11	bug;Component-UI	IPT asks to confirm file overwrite multiple times when adding new files
2616	closed	2024-12-10	2024-12-11	Component-UI	Show info or error window when upload files
2615	closed	2024-12-05	2024-12-05	Type-Enhancement	Log issues with URL sources
2614	closed	2024-12-04	2025-08-26	Metadata;MetadataEditor	Allow `<em>` and `<i>` html tags in description
2613	open	2024-12-04		Data Package : Camtrap DP	Camtrap DP mapping is approved without showing the mapping
2612	closed	2024-12-04	2024-12-05	Data Package : Camtrap DP	Line breaks in description result in invalid archive
2611	closed	2024-12-04	2024-12-04	Component-UI	Add gigabytes to file size formatting on UI
2609	closed	2024-12-03	2024-12-12	bug	IPT accepts URL with zip archive but can't read data from it
2608	open	2024-12-03		Type-NewFeature	Could the IPT take DwCA that are updated online?
2605	closed	2024-11-27	2024-12-03	bug	"Cannot map to ""Trait Measurement Trial"" Extension"
2604	closed	2024-11-27	2025-11-26	Metadata	Issues with invalid EML during publishing
2603	closed	2024-11-26	2024-11-26		GBIF UAT not working
2600	closed	2024-11-21	2025-09-15		Copying a contact does not copy country and personnel directory
2599	closed	2024-11-21	2025-01-22	Data Package : Camtrap DP	Remove `taxon id reference` from Camtrap DP taxonomic scope
2597	open	2024-11-20		Data Package : Camtrap DP	`datapackage.json` of a Camtrap DP zip file should be used for metadata
2595	open	2024-11-18		Data Package : Camtrap DP	Option to publish metadata-only Camtrap DP datasets
2594	closed	2024-11-14	2025-03-19	UserManual	Update user manual and screenshots for version 3.1.0
2593	closed	2024-11-14	2024-12-10	bug	Not able to upload a source data
2592	closed	2024-11-13	2025-07-07	Type-Enhancement	Specify rowType of missing extension
2591	closed	2024-11-12	2024-11-21		IPT public access: Failed
2590	closed	2024-11-12	2025-07-02	Type-Enhancement;Component-UI	Improve registration modal window
2589	closed	2024-11-08	2026-01-22		Make sure inventory request works when there are datapackage resources
2587	closed	2024-11-07	2025-09-15	Type-NewFeature	Admin vocabularies page
2586	closed	2024-11-07	2025-07-07	Type-Enhancement	IPT asks to install missing extensions one by one
2585	closed	2024-11-07	2024-11-07	Type-Enhancement;Component-UI	Add RowType to Admin/Extensions
2584	open	2024-11-07		bug	Validate resource logo URL is an URL starting with `http` or `https`
2582	closed	2024-11-06	2025-07-24	bug;Metadata	Empty keyword becomes `null` when creating from archive and makes EML invalid
2581	closed	2024-11-06	2024-11-07	Type-Enhancement;Component-UI	Add subtype to the resource page
2580	open	2024-11-05		UserManual	Document dataset subtype in the IPT manual
2579	closed	2024-11-04	2024-11-07	Data Package : ColDP	ColDP resource registration
2578	closed	2024-11-04	2024-11-07	Data Package : ColDP	Add a link to the CLB metadata editor for ColDP resources
2577	closed	2024-11-04	2024-11-04	question	Rename a resource submission
2576	closed	2024-10-31	2024-11-06	Type-Enhancement;Component-UI	how to improve preview tables readability (desktop)
2575	closed	2024-10-31	2024-11-04	bug;Metadata	Unforseen error when trying to publish a dataset (EML parsing)
2574	closed	2024-10-31	2024-11-05	Data Package : ColDP	View ColDP metadata
2571	closed	2024-10-30	2024-10-31	bug;Data Package;Data Package : ColDP	Published ColDP resource shows as not published
2570	open	2024-10-30			Impossible to enter translation manually
2569	closed	2024-10-30	2024-10-31	bug;Data Package : ColDP	DP AutoTranslation not working
2568	closed	2024-10-30	2024-10-31	Data Package	DP schema enumeration order lost
2567	open	2024-10-30		Type-NewFeature	Edit a resource file in the Resource Management Tool
2566	open	2024-10-30		Type-NewFeature	View a resource file in the Resource Management Tool
2565	open	2024-10-30		Type-NewFeature	Download an entire resource directory as archive in the Resource Management Tool
2564	open	2024-10-30		Type-NewFeature	Download a resource file in the Resource Management Tool
2563	closed	2024-10-30	2024-10-30	bug;Data Package : ColDP	ColDP resources do not load after application server restart
2561	closed	2024-10-28	2025-01-31	bug;Metadata	Invalid EML during publication - version 3.1.0
2560	closed	2024-10-27	2024-10-27		can't login with my admin user/password..
2558	closed	2024-10-24	2024-10-31		how to configure SQLite data sources
2556	closed	2024-10-23	2025-03-10	Metadata;Component-UI	Request for ability to easily re-order Resource Creators
2555	open	2024-10-22			IPT can't update registration (wrong config/registration2.xml)
2554	open	2024-10-22		UserManual	Refer to or integrate technical documentation on metadata requirements
2553	open	2024-10-22		UserManual	Make edits to accomodate technical documentation on dataset classes
2549	closed	2024-10-16	2024-10-16	Type-Enhancement;Component-UI	On the mapping page, notify when there are some hidden classes
2548	closed	2024-10-14	2024-10-17	bug	Inferring coverage with multiple mappings
2547	closed	2024-10-14	2024-10-17	Type-Enhancement	Prevent IndexOutOfBoundsException in LoginAction
2546	closed	2024-10-14	2024-10-17	bug	Resource can't publish because of empty physical metadata block
2545	closed	2024-10-13	2024-10-14	bug	Unforeseen error: IndexOutOfBoundsException when trying to login
2544	open	2024-10-09		question;Metadata	Additional EML elements when specific data extensions are used
2542	closed	2024-10-09	2025-11-18		New auto-publishing option: publish only if there are changes to data and/or metadata
2541	closed	2024-10-08	2024-10-08	Metadata;EML 2.2.0	Description should be at least 5 characters without tags
2540	closed	2024-10-08	2024-10-08	Metadata;EML 2.2.0	Reasonable message for missing description
2536	closed	2024-10-01	2025-11-25	Metadata	Display `Valid/Invalid` instead of `Complete/Incomplete` at metadata overview
2535	closed	2024-10-01	2024-10-04	Type-Enhancement	Do not log a full exception for `BaseAction#getRequestUrl`
2534	closed	2024-09-30	2024-10-04	Type-Enhancement	"Do not display ""Fatal error"" message on EML validation error"
2529	closed	2024-09-24	2024-10-30	Data Package : ColDP	The col DP mapping interface isn't what's expected
2528	closed	2024-09-23	2025-03-11		URL redirection from the IPT
2526	closed	2024-09-23	2024-10-04	Data Package : Camtrap DP	"Incorrect pop-up info for ""Infer metadata automatically"""
2525	closed	2024-09-20	2024-09-24	UserManual	Rewrite introduction to sampling event data 
2524	closed	2024-09-19	2024-10-04	Data Package : Camtrap DP	Add logo for Camtrap DP resources
2522	closed	2024-09-18	2025-01-20	bug;Data Package : Camtrap DP	Saving a dataset of camptrapDP send me to another different resource
2520	closed	2024-09-11	2024-09-23		Fixup text and link for terms
2518	open	2024-09-05			Use GBIF user accounts for the IPT?
2517	closed	2024-09-05	2024-10-30	bug;Data Package : ColDP	ColDP metadata upload failed
2514	closed	2024-09-03	2024-09-23		"Updating a dataset failed due to ""An error of type REGISTRY"""
2513	closed	2024-08-29	2026-05-18	bug	Connection to remote MSSQL server fails with SSL issue
2511	closed	2024-08-28	2024-08-30	Data Package	Log schema validation error when publishing
2510	open	2024-08-28		Priority-High	Fuzzy name matching for mappings
2509	closed	2024-08-28	2024-12-11	Type-Enhancement;Component-UI	Add a remark to the source file uploader that multiple files can be uploaded at once
2507	closed	2024-08-27	2024-08-30	bug;Data Package	Data package update does not work from UI
2506	closed	2024-08-27	2024-08-30	Data Package	Enable update data package schema functionality if there's the same version but newer issued date
2505	closed	2024-08-27	2024-08-28	Metadata;EML 2.2.0	Update field descriptions
2504	closed	2024-08-23	2024-08-24	EML 2.2.0	Fix issues on the metadata project page
2501	closed	2024-08-22	2025-04-25	Priority-High	Bulk publishing for a selected group of datasets
2499	closed	2024-08-20	2024-08-21		Centos Service
2498	closed	2024-08-20	2024-08-22	EML 2.2.0	EML 2.2.0 testing - comparing EML from IPT to EML accessible from API
2497	closed	2024-08-20	2024-08-22	bug;Metadata;EML 2.2.0	EML 2.2.0 testing - Unforeseen error
2496	closed	2024-08-20	2024-08-26	EML 2.2.0	HTML tag cause invalid acknowledgements section
2495	closed	2024-08-20	2024-08-26	EML 2.2.0	EML 2.2.0 testing - Pasting text from website keeps formatting
2494	closed	2024-08-20	2024-08-23	Metadata;EML 2.2.0	EML 2.2.0 testing - copy function for contacts for related project
2493	closed	2024-08-19	2024-08-20	Metadata	IPT changes decimal separators from dots to commas when uploading metadata
2491	closed	2024-08-16	2024-08-20	EML 2.2.0	When uploading EML file validation does not work for old profile versions
2488	closed	2024-08-14	2024-08-26	EML 2.2.0	Issues with the DocBook conversion to HTML
2487	closed	2024-08-14	2024-08-26	Metadata	Validate EML during publishing
2486	closed	2024-08-14	2024-08-19	EML 2.2.0	Add new fields to the resource view page
2485	closed	2024-08-14	2024-08-14	Metadata	Incorrectly inferred temporal coverage metadata
2484	closed	2024-08-14	2024-08-14	EML 2.2.0	Unify DocBook processing on UI
2483	closed	2024-08-13	2024-08-13		EML file cannot be replaced
2482	closed	2024-08-12	2024-08-19	EML 2.2.0	Filter some unsupported tags from `TextType` fields
2481	closed	2024-08-09	2024-08-12	bug;EML 2.2.0	ClassCastException when removing a contact identifier and saving
2480	closed	2024-08-08	2024-08-12	EML 2.2.0	Project data - related projects: should it be possible to add identifier of related projects?
2479	closed	2024-08-08	2024-08-12	EML 2.2.0	Salutation not copied over to resource creators
2478	closed	2024-08-08	2024-08-13	EML 2.2.0	Description of fields as greyed out text in the text box prior to text input
2477	closed	2024-08-08	2024-08-26	EML 2.2.0	More user-friendly information on or integration of HTML tags?
2475	closed	2024-08-07	2024-08-13	Metadata;EML 2.2.0	A dedicated metadata page for `introduction`, `gettingStarted` and `purpose`
2474	closed	2024-08-06	2024-08-07	bug	Unable to update metadata in a camtrap resource after updating an IPT
2473	closed	2024-08-05	2024-10-08	EML 2.2.0	EML 2.2.0 testing
2472	open	2024-08-02			Uploading DwC-A file overwrites existing files
2466	closed	2024-07-18	2025-07-02	Type-Enhancement	Alphabetize entries on Darwin Core Types and Extensions page
2465	closed	2024-07-18	2024-09-30		Problema al descargar el listado de Hongos de Chile
2464	closed	2024-07-12	2024-07-26		Auto-publishing time UTC vs local
2463	closed	2024-07-12	2024-07-26	bug	Cannot update auto-publishing time
2458	closed	2024-07-02	2025-02-10	Metadata;Registry	Align metadata validation with the registry
2457	closed	2024-07-02	2024-08-07	bug;Data Package : Camtrap DP	Uploading camtrap DP datapackage JSON, then trying to edit leads to error
2456	closed	2024-07-02	2024-08-07		Registration to GBIF UAT failing
2455	closed	2024-07-02	2024-07-02	EML 2.2.0	Add rich-text input for `description`
2451	closed	2024-06-23	2024-06-23		Change warning type for network registry exceptions
2450	closed	2024-06-21	2024-06-24		packages.gbif.org Repository Update
2448	closed	2024-06-19	2024-06-23		Additional logging of account change operations
2445	closed	2024-06-13	2024-06-23	bug	Taxonomic Scope Description automatically repeats contents
2443	closed	2024-06-13	2024-06-13		Source data file upload issue
2442	closed	2024-06-12	2024-06-28		Your IPT manual examples of the metadata 
2441	closed	2024-06-12	2024-06-12		Change Default Value for “Number of Header Rows” When Loading Excel Sheets
2439	closed	2024-06-10	2024-06-13		IPT couldn't update a vocabulary without `issued` date
2437	closed	2024-06-06	2024-06-06		Non exiting resource returns 200 ok
2436	closed	2024-06-03	2024-06-03		IPT HTTP 500: java.lang.NoClassDefFoundError: javax/el/ELManager   at org.gbif.ipt.action.manage.OverviewAction
2434	closed	2024-05-31	2024-06-13	Data Package : Camtrap DP	Associate a Camtrap DP resource with an existing GBIF dataset
2432	closed	2024-05-31	2024-06-07		Unable to use some URL as a data source
2431	closed	2024-05-30	2024-06-28	Metadata;EML 2.2.0	A dedicated metadata page for `acknowledgements`
2430	closed	2024-05-29	2024-05-29	bug;Metadata	Error when Automatically infer from source data is used with an .xls file
2429	open	2024-05-29		bug	source data - not possible to change delimiters
2426	closed	2024-05-23	2024-05-27		File format being changed
2425	closed	2024-05-22	2024-07-08	Metadata;EML 2.2.0	IPT allows publication of the resource with a project with no personnel
2423	closed	2024-05-21	2024-06-24	Metadata;EML 2.2.0	Apply changes to agent blocks(`contact`, `creator`, `metadata provider`, `associated party`, `project personnel`)
2422	closed	2024-05-21	2024-07-02	Metadata;EML 2.2.0	Add new rich-text inputs for `gettingStarted`, `introduction`, `acknowledgements`
2421	closed	2024-05-21	2024-06-28	Metadata;EML 2.2.0	`Maintenance` metadata section
2420	closed	2024-05-21	2024-06-24	Metadata;EML 2.2.0	Add new inputs for `relatedProject` and `projectAward` to the project metadata section
2419	closed	2024-05-21	2024-06-26	Metadata;EML 2.2.0	Split EML basic metadata page
2417	closed	2024-05-15	2024-06-28		Is the last step of the resource migration redundant now?
2416	closed	2024-05-10	2024-06-20		Replacing older versions of MBON Pole to Pole data on IPT and this Error popped up.
2415	closed	2024-05-07	2024-05-19		Publication issues for multiple resources
2414	closed	2024-05-07	2024-05-10	bug;Metadata	Unforeseen error while editing geographic coverage metadata
2412	closed	2024-05-03	2024-05-10	bug;Metadata;Component-UI	Metadata Geographic Coverage: bounding box crossing the dateline not possible
2409	closed	2024-04-22	2026-06-16	Priority-High	IPT email notification
2408	closed	2024-04-19	2024-04-21		IPT publication fails when basisOfRecord is MaterialEntity
2407	closed	2024-04-18	2024-04-18		Allow admins to assign DOIs to resources with an organization that does not have a DataCite association
2406	closed	2024-04-18	2024-04-18		no background tiles loaded in IPT geographic range metadata editor
2404	closed	2024-04-16	2024-04-23		MIxS terms broken
2403	closed	2024-04-16	2024-04-23		Do not analyse unsuitable mappings when inferring metadata
2402	closed	2024-04-15	2024-04-15	Component-UI	Break long resource names in home tables
2401	closed	2024-04-15	2024-05-21		After IPT update, there isn't any more organisation registered
2400	closed	2024-04-15	2024-06-26	EML 2.2.0	Align auto-generated citation format with the GBIF.org website
2399	closed	2024-04-15	2024-04-23		Not possible to assign your own DOI (datacite)
2398	closed	2024-04-12	2024-04-12		IPT / dataset
2393	closed	2024-04-08	2024-04-08	bug;Component-UI	Synced extensions not visible in an IPT new deployment
2392	closed	2024-04-07	2024-04-08	bug;Metadata	NullPointerException in MetadataInferringSerivce when trying to edit metadata
2391	closed	2024-04-05	2024-04-05		Login failed
2390	closed	2024-04-05	2024-04-09		IPT public access: Failed
2389	closed	2024-04-04	2024-04-08		how to configure google analytics (GA4) for ipt?
2388	open	2024-04-04		Component-UI	Add an indicator to the health icon when services or directories are unavailable
2383	closed	2024-03-22	2024-04-03	Component-UI	"Do not display the ""Reserve DOI"" button for resources with a publishing organization without an affiliation with DataCite."
2381	closed	2024-03-19	2024-06-20	bug	ArrayIndexOutOfBoundsException after uploading multiple files
2380	closed	2024-03-19	2024-03-21	Metadata	Re-infer metadata automatically if mappings have been changed
2378	closed	2024-03-18	2024-03-18	Metadata;Component-UI	"Add spinners for the ""Re-infer"" button on metadata coverage pages"
2377	closed	2024-03-15	2024-03-15	Metadata	"Include organizations in ""copy from another"" list"
2376	closed	2024-03-15	2024-03-15	bug;Metadata;Component-UI	Exception while trying to get list of available resource creators
2373	closed	2024-03-13	2026-06-12	Metadata	addition of ROR as identifier for EML entities
2372	closed	2024-03-13	2024-04-10	Metadata	taxonomic inference only populating most frequent kingdoms
2371	closed	2024-03-11	2024-04-03	Usability;Component-UI	Do not display broken page when IPT has a wrong baseURL property
2370	closed	2024-03-11	2024-03-19	Metadata	Suggest  `Re-infer` option if inferring failed
2368	closed	2024-03-08	2024-03-08	Metadata	Automatically infer from source data
2367	closed	2024-03-06	2024-03-06		Error writing data file for mapping line 99 [Excel issue]
2366	open	2024-03-01			Idea: Add some automatic badges in datasets
2361	open	2024-02-23		MetadataEditor	quotation marks do not display correctly in automatic references
2360	closed	2024-02-23	2024-11-07	Performance	Registration options' update registration is very slow
2359	closed	2024-02-23	2024-02-23		Asia IPT about page update
2357	open	2024-02-21		Metadata	Make sure IPT and Registry produce similar DataCite metadata
2353	closed	2024-02-19	2024-02-19	Component-UI	Shorten home link instead of displaying just `Link`
2352	closed	2024-02-15	2025-07-23	Metadata	Preserve keywords in uploaded EML
2350	closed	2024-02-13	2024-02-14		Automatic email with credentials sent to users when first registered
2349	open	2024-02-12		Metadata;Type-NewFeature	Idea: Automatically populate resource EML from URL 
2347	open	2024-02-11		Data Package : Camtrap DP	Reserve DOI does not work for Camtrap resources
2346	closed	2024-02-11	2024-02-11	Component-UI	Move reserve DOI button to the top of the publication section
2345	closed	2024-02-11	2024-02-11	Component-UI	Improved UI for modal windows with a warning
2344	closed	2024-02-11	2024-02-11	Component-UI	Newly assigned DOI is not displayed for the next version
2343	closed	2024-02-11	2024-02-11	bug;Component-UI	Empty organization name after saving changes
2342	closed	2024-02-11	2024-02-11	bug;Component-UI	Reserve DOI modal does not appear
2341	closed	2024-02-09	2024-02-09	Component-UI	Highlight an active tab in the sidebar
2340	open	2024-02-09		bug	IPT incorrectly places sources in the root directory when creating a new resource from a `.tar.gz` IPT directory
2339	closed	2024-02-08	2024-02-09	bug	Issues with displaying EML inferred metadata
2338	closed	2024-02-07	2024-02-09		Load resource even though inferred metadata deserialization failed
2337	closed	2024-02-07	2024-02-09	bug;Data Package : Camtrap DP	IPT fails to deserialize inferred metadata: java.lang.ClassCastException
2336	closed	2024-02-07	2024-02-09	Component-UI	Warning about deprecated auto-publication configuration
2335	closed	2024-02-07	2024-02-07		IPT reports no public access to ipt.gbif.org and cloud.gbif.org
2333	closed	2024-02-07	2024-02-07	duplicate	add validation check: extension identifiers in core identifier list
2324	closed	2024-02-02	2024-02-02	bug;Data Package	Resource version become decimal after restart 
2321	closed	2024-02-01	2024-02-01	Data Package	Message before publication
2320	closed	2024-02-01	2024-02-01	Data Package	Wrong description for Logs item on the admin page
2319	closed	2024-01-31	2024-02-11		Manager (withour registration rights) not allowed to publish new versions after registering the resource
2318	closed	2024-01-31	2024-01-31	Data Package	IPT fails install data packages from `rs.gbif.org` in prod mode
2317	closed	2024-01-31	2024-01-31	bug;Data Package : Camtrap DP;Data Package	Fields `firstName` and `lastName` are not present in the `datapackage.json` file
2315	closed	2024-01-29	2024-01-30	Data Package : Camtrap DP	Side navigation issues on the resource page
2314	open	2024-01-29		Data Package	Add citation section to the resource page
2313	closed	2024-01-29	2024-01-29	Data Package : Camtrap DP;Data Package	Align URL validation for the IPT and Frictionless
2312	closed	2024-01-29	2024-01-29	Data Package	InvalidConfigException in the logs on UAT
2311	closed	2024-01-28	2024-01-28	Data Package	Add translatable properties for data package mapping translations
2309	closed	2024-01-26	2024-01-26	Data Package	Add more information about field on the translation page
2308	closed	2024-01-26	2024-01-26	Data Package	Add field `type` to a popover on the mapping page
2307	open	2024-01-25		Data Package : Camtrap DP;Data Package	IPT3 functional testing - parts of mandatory metadata not filled out when uploading a resource as metadata, but is registered if metadata is uploaded as part on an archive
2306	closed	2024-01-25	2024-02-01	Data Package	 IPT3 functional testing -> Mapping page -> Translation works -> do not allow translations that does not fit within constraints
2305	closed	2024-01-25	2024-01-29	bug;Data Package	Can't do bulk publication - metadata missing when it looks like no metadata is missing
2304	open	2024-01-25		Data Package	Data mapping: add the data preview tables for mapped data, similar to Darwin Core
2303	open	2024-01-25		Data Package : Camtrap DP;Data Package	IPT testing - Camtrap DP resource from an archive - not all seems auto-mapped (BOM issue)
2302	closed	2024-01-25	2026-01-22	Type-Enhancement;Component-UI	Source page -> Source details page is displayed -> clickable part of source data buttons too small
2301	closed	2024-01-25	2024-01-29	Data Package : Camtrap DP;Data Package	Publish resource: typecast error message (wish for more concrete guidance on the source of the error)
2300	open	2024-01-25		Data Package	Camtrap DP resource from a metadata file (datapackage.json) -> include option in text for upload?
2299	closed	2024-01-25	2024-02-01	Data Package	Camtrap DP resource from an archive -> view button throws a 404 error
2298	closed	2024-01-25	2024-12-16	Type-Enhancement	Improve Source Analyze function
2297	closed	2024-01-25	2024-01-29	Data Package : Camtrap DP	Require protocol for `path`
2296	closed	2024-01-25	2024-01-25	Data Package	Update links to data package schema in rs
2295	closed	2024-01-25	2024-01-29	Data Package : Camtrap DP	Basic metadata: License - media license error
2294	closed	2024-01-25	2024-11-07	Under review	Adding users with Admin role as Resource Managers
2293	closed	2024-01-23	2024-01-30	Data Package	Version numeration for new Data Packages
2292	closed	2024-01-23	2024-01-24	Data Package;Data Package: Material DP;Data Package : Interaction DP	Import from an archived resource datapackage interaction is failing
2291	open	2024-01-23		Type-NewFeature	add github handle as additional userId
2290	closed	2024-01-23	2024-01-24	Data Package : Camtrap DP;Data Package	`homepage` URL requires protocol
2289	closed	2024-01-22	2024-01-23	Data Package : Camtrap DP;Data Package	Infer `firstName` and `lastName` from `title` when creating Camtrap DP resource from archive
2288	closed	2024-01-22	2024-01-22	Data Package	Update frictionless libraries
2287	closed	2024-01-22	2024-01-23	bug;Data Package : Camtrap DP;Data Package	Agouti CamtrapDP on IPT3 error: Problem occurred while adding metadata file to data package folder 
2286	closed	2024-01-22	2024-01-22	Data Package	Remove unused coordinates validation
2285	closed	2024-01-22	2024-01-22	Data Package	IPT3 error on parsing registry/schema.json
2283	closed	2024-01-22	2024-01-31		IPT3 functional testing
2282	closed	2024-01-22	2024-02-07		Prepare for IPT3 release
2281	closed	2024-01-22	2024-01-23	Data Package	Do not include Darwin Core MaterialEntity as default core in release
2280	closed	2024-01-22	2024-01-24	Data Package	Display all data packages but camtrap and coldp as Beta
2279	closed	2024-01-22	2024-01-23	Data Package	Disable GBIF registration for all data package resources but camtrap
2278	closed	2024-01-18	2024-01-18	Data Package	"Translations for the new data package ""create mapping"" page"
2277	closed	2024-01-18	2024-01-18	Data Package	IPT creates a wrong mapping
2276	closed	2024-01-18	2024-01-18	Data Package;Data Package : Interaction DP	TypeInferringException when publishing Interaction DP
2275	closed	2024-01-18	2024-01-18	Data Package;Data Package : Interaction DP	View page for Interaction DP resources
2274	closed	2024-01-18	2024-01-18	Data Package : Camtrap DP	Display GBIF UUID for a camtrap resource on the main page
2273	open	2024-01-17			IPT extension updates for Audiovisual Core 
2268	open	2024-01-12		Type-NewFeature;Data Package	Allow data packages view for managers
2267	closed	2024-01-11	2024-01-11	bug;Data Package	Link to table schema at the mapping page does not work
2266	closed	2024-01-11	2024-01-11	bug;Data Package : Camtrap DP	Data Package metadata pages save redirects
2264	closed	2024-01-09	2024-01-11	Data Package : Camtrap DP	Display license on the data package resource page
2263	closed	2024-01-09	2024-01-09	Data Package	Modal windows stopped working on the overview page
2262	closed	2024-01-09	2024-01-11	Data Package	Number of records for data packages resources
2261	open	2024-01-09		Translation	Localize publication messages
2260	closed	2024-01-08	2024-01-09	Data Package	View an underlying json file of the data package
2259	closed	2024-01-08	2024-01-08	Data Package : Camtrap DP	IPT falsely reports that camtrap dataset does not have a GBIF-supported license when attempting to register
2258	closed	2024-01-08	2024-01-09	Data Package	Replace `data file` with `resource` when reporting on the publishing page
2256	closed	2024-01-08	2024-02-19	Component-Docs;UserManual;Tutorial	Links to exemplar datasets not working
2255	closed	2024-01-05	2024-03-20	Type-Enhancement	"allow a ""description"" for taxonomic coverage when using auto infer from source data feature on IPT"
2254	closed	2024-01-05	2024-01-11	Data Package : Camtrap DP	IPT set the profile field to `data-package` instead of actual one
2253	closed	2024-01-04	2024-01-04	Data Package : Camtrap DP	Make sure camtrap works after migrating from sandbox/experimental
2251	open	2023-12-13		Component-UI	Handling metadata saving after login time has ended
2250	closed	2023-12-13	2023-12-20	Data Package	Install table schemas through the registry API (gbrds) rather than directly from rs.gbif.org
2249	open	2023-12-13		Data Package	Add option to re-install a data package of same version
2248	closed	2023-12-11	2024-06-10	bug	IPT displays deleted resources on the home page
2236	closed	2023-12-07	2024-11-07		API for resources
2234	closed	2023-12-06	2023-12-13	Data Package	Align naming conventions with Frictionless standards
2233	closed	2023-12-06	2023-12-12	Data Package	Do not store additional data about field in the schema mapping
2232	open	2023-12-04		Component-Docs;UserManual	IPT manual: nested samples in sampling event datasets
2231	closed	2023-12-04	2024-02-09	bug	Excel file issue - cannot generate archive
2230	closed	2023-12-01	2024-11-07		Cleaning up failing mappings
2229	closed	2023-12-01	2024-01-03	Data Package	Multiple mapping creation at the same time
2227	closed	2023-11-28	2023-12-13	Data Package	Schema update/synchronization
2226	closed	2023-11-28	2023-12-08	Data Package	Test mappings work properly after schema update
2225	closed	2023-11-27	2023-12-21	Data Package	IPT does not display any resources if some of the base data packages failed to install
2224	closed	2023-11-27	2023-11-28	Data Package;Data Package : Interaction DP	Support Interaction DP schema
2220	open	2023-11-22		Type-NewFeature	Idea: Display vocabularies, extensions and schemas for users
2219	closed	2023-11-22	2023-11-29	Data Package	Submenu for overview page
2218	closed	2023-11-22	2023-11-28	Data Package	Display file size for the data package file and the metadata at resource page
2217	closed	2023-11-22	2023-11-28	Data Package	Improve header of the resource page
2216	closed	2023-11-22	2023-11-22	Data Package : Camtrap DP	Preview page is not showing the Geographic Scope
2214	closed	2023-11-21	2024-02-11	Component-UI	Underline links in alerts to make them more visible
2209	closed	2023-11-20	2023-11-22	Data Package : Camtrap DP	How to import a zip exportes from Agouti
2208	open	2023-11-20		Data Package : Camtrap DP	IPT does not specify what validation failed when uploading camtrap metadata file
2207	open	2023-11-20		Component-UI	"""This resource has not been registered with GBIF"" line is not displayed for some non-registered resources"
2206	closed	2023-11-20	2025-05-06	bug;Component-UI	Empty Visibility modal for resources with a DOI
2205	open	2023-11-17			Custom copyright in footer
2204	closed	2023-11-17	2023-11-20		Cannot add myself as dataset manager
2202	closed	2023-11-16	2023-11-21	Data Package : Camtrap DP	Update info popovers for the overview page
2201	closed	2023-11-16	2023-11-23	Data Package : Camtrap DP	Simplify scope pages
2200	closed	2023-11-16	2023-11-21		Rephrase newer version warning
2198	closed	2023-11-13	2023-11-23	Data Package : Camtrap DP	Publication fails for values containing escaped quotes and comma
2197	closed	2023-11-13	2023-11-16	Data Package : Camtrap DP	Published dataset indicated as Never published
2196	closed	2023-11-13	2023-11-16	Data Package : Camtrap DP	Inferred taxonomic scope incomplete
2195	closed	2023-11-13	2023-11-17	Data Package : Camtrap DP	Inferred temporal scope incorrect
2194	closed	2023-11-13	2023-11-16	Data Package : Camtrap DP	Disable inferring scope when uploading a datapackage.json
2193	closed	2023-11-13	2023-11-17		Update `Field quotes` interpretation + help text
2192	closed	2023-11-13	2023-11-17	Data Package : Camtrap DP	Generated taxonomic scope has empty `vernacularNames`
2191	closed	2023-11-13	2023-11-27	Data Package : Camtrap DP	Update the profile field in the camtrap datapackage when saving or publishing
2190	closed	2023-11-10	2023-11-17	Data Package : Camtrap DP	"Set fieldQuotes to `""` by default"
2189	closed	2023-11-10	2023-11-10	Data Package : Camtrap DP	Starting Camtrap DP resource from zip does not recognize observationID
2187	open	2023-11-09		Component-Docs;UserManual	IPT manual: add notes about extensions (visibility on the GBIF portal)
2186	closed	2023-11-09	2023-11-13	Data Package : Camtrap DP	Open Definition License support for Camtrap DP
2185	closed	2023-11-08	2023-11-24	bug;Data Package : Camtrap DP	Unforseen error when saving Geographic scope of Camtrap DP
2184	open	2023-11-07		Data Package : Camtrap DP	Warn users when uploading datapackage.json of different version
2180	closed	2023-11-03	2023-11-13	Data Package : Camtrap DP	Add support for Camtrap DP 1.0
2178	closed	2023-11-01	2023-11-29		Deleting a resource gives 500
2177	closed	2023-11-01	2023-11-03		"Session Loss When Clicking ""Manage Resources"" in an IPT Instance"
2172	closed	2023-10-30	2023-11-20		IPT displays private resources on the home page
2136	open	2023-10-26		dependencies	Dependency Dashboard
2133	closed	2023-10-24	2025-05-06	Priority-High	Allow auto-publication to abort when there are (far) fewer records
2132	closed	2023-10-23	2023-10-31	Data Package : Camtrap DP	Align taxonomic and temporal coverage metadata pages with the geographic scope metadata page
2131	closed	2023-10-20	2023-10-31	Data Package : Camtrap DP	Add option to preserve coverage metadata when uploading a metadata file
2130	closed	2023-10-20	2023-10-30	Data Package : Camtrap DP	coordinatePrecision field for the geographic scope metadata
2129	closed	2023-10-19	2023-10-19		Inquiry regarding Stamen message: Basemap tiles no longer available
2128	closed	2023-10-18	2023-11-10	Data Package : Camtrap DP;Data Package	Unmapped columns section does not apper in Camtrap DP mapping
2127	closed	2023-10-18	2023-10-23	Data Package : Camtrap DP	Support different types of GeoJson
2126	closed	2023-10-18	2023-11-22	Data Package : Camtrap DP	Remove geometry and bbox fields from default GeoJson
2124	closed	2023-10-16	2023-10-25	Data Package : Camtrap DP	Make sure metadata inferring work correctly for multiple mappings of the same entity
2123	closed	2023-10-16	2023-10-23	Data Package : Camtrap DP	Allow custom objects as geographic scope
2122	closed	2023-10-11	2023-10-11	Data Package : Camtrap DP	Use correct HTML titles for metadata section in Camtrap DP
2121	closed	2023-10-10	2023-10-16		Allow configuration of the default language
2120	closed	2023-10-10	2024-01-16	Data Package	unable to register dataset due to licence issue IPT 3.0-RC1
2119	open	2023-10-09		Component-UI;Type-NewFeature	[Suggestion] Should the IPT provide more guidance for new users?
2118	closed	2023-10-09	2026-03-05		Update IPT to Jakarta Servlet 6.0/Jakarta EE 10
2117	closed	2023-10-06	2023-10-11		Display the reserved DOI for the next version of the resource
2116	open	2023-10-06		bug;DOI	IPT does not allow to reserve a DOI for a new non-published resource
2115	closed	2023-10-04	2023-10-04		EML validation NullPointerException (icipe cloud IPT)
2113	closed	2023-09-29	2023-11-17		Display Delete from GBIF button for registered resources only
2112	closed	2023-09-28	2023-10-03		Make sure IPT is using the correct FreeMarker configuration.
2111	closed	2023-09-26	2023-09-26		Can't edit Darwin Core Mappings
2110	open	2023-09-26			IPT manual: Sampling Event data xlsx includes Location fields in both Occurrence & Event sheets
2109	open	2023-09-26		Type-NewFeature	Idea: Support supplementary files in the DwC-A and FrictionlessData output
2108	closed	2023-09-26	2023-09-28		Unforeseen error when fill in metadata
2107	closed	2023-09-25	2024-11-08		Not accepting date range
2105	closed	2023-09-20	2023-09-21		Publishing version #1.3 of resource anopheles_stephensi_occurrence_1985_2019 failed: An unexpected error occurred while writing RTF file: null
2104	closed	2023-09-20	2023-09-21		Unforeseen error while updating geographical coverage on uat
2103	closed	2023-09-20	2023-09-20		Unforeseen error while inserting temporal coverage on uat
2102	closed	2023-09-19	2025-12-01		Merge publication related sections in resource overview
2101	closed	2023-09-18	2023-09-18	Data Package	Apply style changes in real time in UI Management
2100	closed	2023-09-18	2023-09-18	Data Package	More settings for UI management
2099	closed	2023-09-14	2023-09-18		Not possible to publish datasets with MaterialCitation of basisOfRecord (GBIF training IPT)
2098	closed	2023-09-13	2025-09-02		Many optional sections in the metadata are marked with *
2097	closed	2023-09-11	2023-09-11		Error when creating a New Resource 
2096	open	2023-08-31			DOI of version 1.x of dataset points to GBIF page which displays data and doi of version 2.x
2095	closed	2023-09-07	2024-02-19		Support new DwC terms (dwc:vitality)
2094	closed	2023-09-07	2024-03-15	bug;Metadata	EML template exception when writing eml
2093	closed	2023-09-07	2023-09-08		Organization/user deletion confirmation window is not displayed for items from the second page onwards
2092	closed	2023-09-07	2023-09-07		Freemarker error after adding DOI agency to organization
2091	closed	2023-09-06	2023-09-15		Link to send account details or new password to the user
2090	closed	2023-09-06	2023-09-06		Delete version button does not show for resource managers
2089	closed	2023-09-05	2023-09-05		EML upload validation fails for a valid metadata file 
2088	closed	2023-09-04	2025-04-30		Feature or API endpoint for automating updates of multiple datasets
2087	closed	2023-09-01	2024-01-25	Data Package : Camtrap DP	New citation section and new fields for contributors
2086	closed	2023-09-01	2023-09-08		Page Not Found when trying to save new user after email validation fails
2085	closed	2023-09-01	2023-09-08		Log the reason why the email is not valid when you create a new user
2084	closed	2023-09-01	2023-09-08		Display file size based on locale
2081	closed	2023-08-25	2023-09-05		Server error when trying to infer EML data (taxonomic or geographic)
2080	open	2023-08-22			Accept other analytic tool
2079	closed	2023-08-21	2023-08-23		Toggle between view/edit resource
2077	closed	2023-08-18	2023-08-18		Sort newest published instead of last published
2075	closed	2023-08-14	2023-08-18		Remove irrelevant DOI related stuff from IPT
2074	closed	2023-08-14	2023-08-15		Re-infer button is not displayed for taxonomic and temporal coverage metadata
2073	closed	2023-08-14	2023-08-16		EML template exception when trying to save taxonomic or temporal coverage metadata
2072	closed	2023-08-10	2023-08-10		Resource does not exist after saving mapping page and changing language
2071	closed	2023-08-10	2023-08-10		Minor: trim whitespace on login form
2070	closed	2023-08-07	2023-08-08		IPT fail to publish resource after metadata upload
2069	closed	2023-08-03	2023-08-21		Use custom dropdown component
2068	closed	2023-08-02	2023-08-04		"Lots of logs ""Invalid contact: fullname not present. Check the metadata"""
2066	closed	2023-07-31	2023-08-16		Geographical coverage: bounding box is not saved when using IPT in multiple languages
2063	closed	2023-07-18	2023-07-27		Autopublication failed to create versioned EML, causing resource list to be truncated
2062	closed	2023-07-11	2023-07-19	question;Under review	Not sure if it’s a bug: Two datasets DOI generated from the same dataset
2061	closed	2023-07-11	2024-04-10	bug;Metadata	Long metadata author list (172 authors) capped at 69 authors
2059	open	2023-07-03		bug;question	Multimedia mapping for Audubon Core is confusing in the IPT
2058	closed	2023-06-29	2023-08-02		setting a default network for a specific IPT instance
2057	closed	2023-06-28	2024-11-07		allow publishing organization to be changed after the dataset is published
2056	closed	2023-06-28	2023-07-05		IPT fails to infer geographic scope metadata from source data
2055	closed	2023-06-21	2023-07-07		Avoid registering the same resource twice
2054	closed	2023-06-20	2023-08-08		Unexpected behavior for EML status message in dataset overview page
2052	closed	2023-06-18	2023-06-19		Hi im having a problem with my minecraft server, please can someone help me i don't know what to do
2050	closed	2023-06-14	2023-07-07		Update Google Analytics for GA4
2049	closed	2023-06-14	2023-07-07		Remove GBIF Analytics
2048	closed	2023-06-13	2023-09-19	Data Package : Camtrap DP	Version inconsistency when publication fails
2047	closed	2023-06-13	2023-10-16	Data Package : Camtrap DP	Remove forms and calculate Camtrap DP spatial, temporal, and taxonomic scope
2046	closed	2023-06-12	2023-06-12		UI improvement for source page
2045	closed	2023-06-07	2023-06-14	Data Package : Camtrap DP	Publication failed for large Camtrap DP dataset on IPT3
2044	closed	2023-06-07	2023-09-26		Differentiate published from pending version
2043	closed	2023-06-06	2023-09-18	Data Package	Data Package Profile updates require update of IPT
2041	closed	2023-06-02	2023-06-07	Data Package	Mapping interface can be confusing
2040	closed	2023-06-02	2023-06-07	Data Package	Name of the zip file
2039	closed	2023-06-02	2023-06-07	Data Package : Camtrap DP	Uploading `datapackage.json` with `version` affects versioning
2038	closed	2023-06-02	2023-06-07	Data Package : Camtrap DP	Make title and description required for Camtrap DP
2037	closed	2023-06-02	2023-06-07	Data Package	Update warning message for Data Packages
2036	closed	2023-05-31	2023-06-06	Data Package : Camtrap DP	Make use of Camtrap DP 1.0-rc.1
2035	closed	2023-05-30	2023-05-30		Admin Password in FAQ is incorrect
2034	closed	2023-05-26	2023-06-12		Make it possible to change a registered metadata resource to core resources
2033	open	2023-05-24		Priority-High;Type-NewFeature	Idea: Add a simple preview map in the IPT management interface
2032	closed	2023-05-24	2023-05-24		IPT3: Material Entity resource registration
2031	closed	2023-05-23	2023-05-24		IPT 3 - extension doesn't show in drop down mapping
2030	closed	2023-05-16	2023-07-07		More Excel file related crashes
2029	closed	2023-05-12	2023-05-22		IPT3: Material core DwC-A appear as OTHER
2028	closed	2023-05-12	2023-05-30		IPT3: Public archives don't appear on the home page
2027	closed	2023-05-12	2023-07-05		Error while adding a date range in metadata
2026	closed	2023-05-11	2023-05-24		Associated Organizations registry problems - IPT LAC
2025	closed	2023-05-10	2023-07-04		Old published resources without an organization in resource.xml crash the IPT during loading.
2024	closed	2023-05-09	2023-06-02	Data Package : Camtrap DP	Keywords should not be set to empty array `[]`
2023	closed	2023-05-09	2023-06-02	Data Package : Camtrap DP	Camtrap DP got published even when required fields were missing
2019	closed	2023-05-09	2023-06-01	Data Package	RSS feed does not work if data package resources are present
2018	closed	2023-05-08	2023-05-09	Data Package;Data Package: Material DP	Support Material DP
2017	closed	2023-05-05	2023-05-09	Data Package : Camtrap DP	Cannot set value for boolean field in mapping
2016	closed	2023-05-05	2023-06-06	Data Package : Camtrap DP	Columns shown in quotes
2015	closed	2023-05-04	2023-05-04		IPT LAC warning messages
2014	closed	2023-05-03	2024-11-08	Data Package : ColDP	ColDP registration fails due to license
2013	closed	2023-05-03	2023-05-03	Data Package : Camtrap DP;Data Package;Data Package : ColDP	"ColDP value translation ""vocabulary required"""
2012	closed	2023-05-03	2023-05-26	Data Package : ColDP	ColDP publication fails for name relations
2011	closed	2023-05-03	2024-10-31	Type-Enhancement;Data Package : ColDP	Show ColDP metadata.yaml problem if upload fails
2010	closed	2023-05-03	2023-07-04		Allow uploading of multiple files
2009	closed	2023-05-03	2023-05-26	Data Package : ColDP	Support importing of ColDP archives
2008	closed	2023-05-03	2023-05-05	Data Package : ColDP	ColDP freemarker error for version
2006	closed	2023-05-01	2023-08-16		create color blind friendly palette
2005	closed	2023-05-01	2023-05-31		Add Material dataset type
2004	closed	2023-04-28	2023-05-05	bug;Data Package : Camtrap DP	Cannot edit/remove mappings after creating resource from file
2003	closed	2023-04-25	2023-04-27	Data Package : Camtrap DP;Data Package;Data Package : ColDP	Force users to select data type when creating resource?
2002	closed	2023-04-24	2023-08-23		IPT should set dataset.subtype in GBIF Registry
2001	closed	2023-04-21	2023-06-07	Data Package : Camtrap DP	Camtrap DP: add metadata by uploading `datapackage.json`
2000	closed	2023-04-21	2023-05-09	Data Package : Camtrap DP;Data Package;Data Package : ColDP	Support `image` property for resource logo
1999	closed	2023-04-21	2023-04-21	Data Package : Camtrap DP	"How/why is `id=""uuid""` for Camtrap DP"
1998	closed	2023-04-19	2023-04-21	Data Package	Value translation for data package mappings
1996	closed	2023-04-19	2023-04-27		Cannot register new organization i IPT
1995	closed	2023-04-19	2023-04-27		Missing field in the Trait measurement score (v20140515) extension
1994	closed	2023-04-19	2023-04-21	Priority-Low;Data Package	Data package record filter
1993	closed	2023-04-19	2023-04-27	Data Package : Camtrap DP;Data Package;Data Package : ColDP	Create new datapackage resource by uploading existing archive
1992	open	2023-04-18			Mapping should allow concatenation
1991	open	2023-04-18			Allow to create multiple sources from single spreadsheet 
1990	open	2023-04-18		Data Package	Allow dataset registration in checklistbank?
1989	closed	2023-04-17	2023-04-26		 Recognition of geodeticDatum Field by IPT
1988	closed	2023-04-14	2023-06-14		Add support for Plausible analytics
1987	closed	2023-04-13	2025-11-25		Dedicated tab for Publishing organization in resource overview
1986	closed	2023-04-12	2023-04-12		IPT version 2.7.3 does not include recordedByID and identifiedByID
1985	closed	2023-04-11	2023-07-26		duplicated information from case sensitivity in Agent's email
1983	closed	2023-04-04	2023-04-27		Subtype dropdown not populating for sampling event
1982	closed	2023-04-04	2023-07-26		Taxon core vernacular name and distribution invalid
1981	closed	2023-04-03	2024-06-28	EML 2.2.0	Allow multiple email addresses per contact
1980	closed	2023-03-29	2023-03-31		Not possible to publish datasets with some vocabs of basisOfRecord (GBIF Test IPT)
1979	closed	2023-03-29	2023-04-21	Data Package;Data Package : ColDP	Explore ColDP support
1978	closed	2023-03-29	2023-03-29	Data Package : Camtrap DP;Data Package	IPT fails to save metadata for newly created data package resource
1977	open	2023-03-28			Feature or API to update EML data for multiple datasets in cloud IPTs
1976	closed	2023-03-24	2023-04-03	Data Package : Camtrap DP;Data Package	Check whether a Camtrap DP `data` license is a valid GBIF license
1975	closed	2023-03-23	2024-10-08	Metadata;EML 2.2.0	Update EML to 2.2.0
1974	closed	2023-03-17	2023-04-27		Update registration failed
1973	closed	2023-03-16	2023-03-27		Publishing datasets using Python script fails or is very unstable after IPT was updated to v2.7.2
1972	closed	2023-03-15	2023-08-10		Copy Resource Contact Information to Creator and Metadata Provider
1971	closed	2023-03-15	2023-08-08		How to update organization alias in resource overview table?
1970	closed	2023-03-13	2023-03-15		basisOfRecord mapping does not allow you to select the correct dwc values.
1969	closed	2023-03-13	2023-07-26		Improve IPT setup: thematic steps
1968	closed	2023-03-08	2023-03-15		Unable to edit and/or delete mapping from a resource
1967	open	2023-03-07		Metadata	Suggestion for updating the way creative commons licenses are provided via the EML from the IPT
1966	open	2023-03-07		Priority-High	IPT admin tool to inspect resources
1965	closed	2023-03-07	2023-07-07		Update JQuery libraries
1964	closed	2023-03-06	2023-08-08		Implement registry organisation synchronisation 
1962	closed	2023-03-01	2023-03-01		Process and log issues when building URL endpoints for DwC archives, EML etc.
1961	open	2023-02-27		Data Package : Camtrap DP;Data Package	IPT does not validate `unique` identifiers for Camtrap DP
1960	closed	2023-02-27	2023-04-27	Data Package : Camtrap DP;Data Package	List Camtrap DP resources in preferred order
1959	closed	2023-02-27	2023-03-01	Data Package : Camtrap DP;Data Package	Implement preview of Camtrap DP
1958	closed	2023-02-27	2023-03-02	Data Package : Camtrap DP	Metadata file for Camtrap DP
1957	closed	2023-02-27	2023-03-03	Data Package : Camtrap DP;Data Package	Show warning if required fields are missing in Camtrap DP
1956	open	2023-02-27		Data Package : Camtrap DP;Data Package	Render markdown
1955	closed	2023-02-27	2023-04-27	Data Package : Camtrap DP;Data Package	What schemas to refer to for Camtrap DP
1954	closed	2023-02-27	2023-08-16		issue when adding only year to Temporal Coverage
1953	closed	2023-02-27	2023-03-02	bug;Data Package : Camtrap DP;Data Package	Express more combination of required resources in schemas.json
1952	closed	2023-02-24	2023-02-25	Data Package : Camtrap DP;Data Package	Freemarker issue in ipt3.gbif-uat.org
1951	closed	2023-02-24	2023-02-24	Data Package : Camtrap DP;Data Package	HTTP 500 error for ipt3.gbif-uat.org
1950	closed	2023-02-23	2023-02-24		Remove warning/danger color fields from UI Management tool
1949	open	2023-02-15			ISO19139
1948	closed	2023-02-14	2023-02-15		No resource name in the overview header after saving metadata
1947	open	2023-02-14			Adding Darwin Core IRI equivalents to the IPT
1946	closed	2023-02-09	2023-03-01		UI change to require extra clicks?
1944	closed	2023-02-03	2023-02-07		Advertise the availability of the OBIS DQ validator
1940	closed	2022-12-29	2024-11-07		Datasets displaying a incorrect DOI
1939	closed	2023-02-02	2023-02-02		Cannot add resources if Spanish is selected
1937	closed	2023-01-31	2023-01-31		Minor issues with DOI management
1936	closed	2023-01-31	2023-01-31		Home page issue: resources are not displayed, IPT reports JS issue
1934	closed	2023-01-30	2023-01-30		Highlight buttons when they are focused
1933	closed	2023-01-30	2023-01-30		Tab issue on Create User page
1930	closed	2023-01-19	2023-11-16		Parsing issue of quoted values in large CSV file
1929	closed	2023-01-11	2023-01-11		Dates are not displayed at temporal coverage page
1928	closed	2023-01-10	2023-07-24		Allow much larger file uploads
1927	closed	2023-01-10	2024-11-07	Metadata	Make the metadata projectID field multivalue
1925	closed	2023-01-07	2023-01-18		Metadata doesn't save 
1924	closed	2023-01-05	2025-11-03	Type-Enhancement;Type-NewFeature	Can the IPT provide an error message when required updates of extensions or cores are the reason for a failed publication process? 
1923	closed	2023-01-04	2025-11-26	Priority-High;Metadata	Specify exactly what mandatory metadata is missing
1922	closed	2023-01-04	2023-01-09		IPT does not set Last modified date when creating a resource from an existing archive, IPT folder or EML file
1921	closed	2022-12-31	2023-01-04		Loading from existing dwca fails with no error message when extensions not loaded
1920	closed	2022-12-23	2023-01-09		Allow copying metadata agents from any available resource
1919	closed	2022-12-21	2022-12-21		Warn user if the selected organization already has registered IPT installations during the registration process
1918	closed	2022-12-16	2022-12-22		JVM is crashing at startup with Docker images >= 2.6.0
1917	closed	2022-12-16	2024-10-30		Consider excluding metadata providers from citation
1916	closed	2022-12-14	2022-12-14		Error when editing metadata
1915	closed	2022-12-13	2022-12-20		Where are the Associated Party roles documented?
1914	closed	2022-12-13	2022-12-13		Source file size UI validation
1913	closed	2022-12-08	2022-12-13		Dataset publication 'duplicate occurrenceID' message for non-duplicated occurrenceIDs
1912	closed	2022-12-08	2022-12-08		Geographic coverage: false precision added
1911	closed	2022-12-08	2023-01-09		New buttons and improved UI for resource overview page
1909	closed	2022-12-07	2022-12-15		Do not take into account http/https when comparing personnel directory
1908	closed	2022-12-06	2022-12-21		Error al subir datos al SIBs Colombia
1907	closed	2022-12-06	2022-12-21		Error al momento de subir datos en GBIF
1906	closed	2022-12-05	2022-12-16		Make Metadata providers optional
1903	closed	2022-12-02	2022-12-14		Support reading .gz compressed source files
1902	closed	2022-12-01	2022-12-01		Make user role a coloured pill in admin/users table UI
1901	closed	2022-12-01	2022-12-02		Can't associate an organization with IPT: DOI registration agency is required
1900	closed	2022-11-29	2022-12-16		Should we allow users to set their dataset version in the UI?
1899	closed	2022-11-29	2022-11-29		IPT fails to preview metadata temporal coverage
1898	closed	2022-11-27	2022-11-28		Add spinners for potentially slow actions
1897	closed	2022-11-25	2022-12-02		Home page wrong page number displayed in the URL when clicking Previous/Next buttons
1895	closed	2022-11-25	2022-11-26		Overview visibility section more sensible text for buttons Public\Private
1894	closed	2022-11-25	2022-11-26		Align overview visibility badge with the manage home page
1893	closed	2022-11-25	2022-11-26		Move GBIF Registration to a dedicated section at overview page
1892	closed	2022-11-25	2022-11-25		Bump dependencies
1891	closed	2022-11-25	2022-12-20		Scan results for trivy shows potential container vulnerabilities
1890	closed	2022-11-23	2022-11-24		Mapping issue: Source database has no columns available to map
1889	closed	2022-11-23	2022-11-23		Could not publish dataset on test IPT Version 2.6.2-rbc8c0ba 
1888	closed	2022-11-23	2023-07-26	question	[Data Mapping] Suggestions for improving value translation
1887	closed	2022-11-23	2023-07-26	question	[Data Mapping] Suggestions for improving record filtering
1886	closed	2022-11-21	2023-07-26		413 error - entity too large - for relatively small datasets
1885	closed	2022-11-19	2022-11-20		Add inputs to edit IPT password and organization token
1884	closed	2022-11-18	2022-11-18		Setup pages mark which fields are required
1883	closed	2022-11-18	2022-11-18		ProjectID not in EML
1882	closed	2022-11-17	2022-11-17		No tooltip on some User accounts buttons
1881	closed	2022-11-17	2022-11-17		Update datatable libraries
1880	closed	2022-11-16	2022-11-17		Why is basisOfRecord red in the IPT?
1879	closed	2022-11-16	2022-11-24		"Autopublished version should have empty ""Change summary"""
1878	closed	2022-11-15	2022-11-21		"wrong top ""MANAGE"" and ""ADMINISTRATION"" links in IPT installed behind Apache proxy"
1877	closed	2022-11-15	2022-11-21		Propagate sort parameters to url of the homepage/resource manage page
1876	open	2022-11-13			HTML in resource metadata not being interpreted in RTF output
1875	closed	2022-11-13	2022-11-22		Move resource tables functionality to backend
1874	closed	2022-11-13	2022-12-15		wrong contacts order in public IPT web interface
1869	open	2022-11-04			IPT manual: add visual summary table of dataset stages & implications
1868	closed	2022-11-03	2022-11-10		IPT connecting with oracle xe problem
1866	closed	2022-10-28	2022-10-28		Running war file crashes at setup
1865	closed	2022-10-28	2022-10-28		Crash when creating a new user
1864	closed	2022-10-27	2022-10-28		Freemaker template error on a test IPT
1863	open	2022-10-26			improve JSON registered resource inventory with resourceName and lastPublishedDatetime
1862	closed	2022-10-26	2022-11-28		rss.do r parameter
1860	closed	2022-10-23	2022-11-21		Registration issue because of timeout during GBIF Registry call
1859	closed	2022-10-20	2022-10-27		how to know whether dataset portal already matches the last IPT published version
1858	closed	2022-10-20	2022-12-02		dataset publication log missing (metadata-only vs DwC-mapped?)
1857	closed	2022-10-19	2022-10-20		Remove build number from the footer for prod running IPTs
1856	closed	2022-10-18	2022-10-18		Footer overlaps content at resource page
1855	closed	2022-10-18	2022-10-18		Add action buttons to IPT organizations table
1854	closed	2022-10-17	2022-10-18		Can't publish newly created resource
1853	closed	2022-10-14	2022-10-27		Newly installed IPT does not create a new resources directory
1852	closed	2022-10-13	2022-10-13	bug	Test IPT: user account creation fails at initiation with Freemarker template error
1851	closed	2022-10-10	2022-10-18		Add action buttons to IPT user accounts table
1850	closed	2022-10-10	2022-10-19		Do not repeat contacts on the resource page
1849	closed	2022-10-09	2022-10-17		CRSFtoken wrong cookie path ?
1848	closed	2022-10-07	2022-10-07		Fix custom logo size on login page
1847	open	2022-10-07			"Make source files downloadable with datasets typed ""other"""
1846	closed	2022-10-06	2022-10-06		request: allow compressed delimited text files as remote URL data sources
1845	closed	2022-10-04	2022-10-04		Not possible to create a new user account - IPT v2.6.1
1844	closed	2022-10-03	2022-10-04		Resource page: too long list of contacts
1843	closed	2022-10-03	2022-10-03		Fix resource page logo if it's too wide
1842	closed	2022-10-03	2022-10-03		Metadata pages add error alert or scroll to the error when metadata failed to save
1841	closed	2022-10-03	2022-10-03		No personnel directory for some contacts when uploading EML
1840	closed	2022-09-30	2022-10-05		Public dataset not visible from the home page
1839	closed	2022-09-30	2022-10-04		Interpret HTML in resource metadata
1838	closed	2022-09-30	2022-10-03		EML upload parses only first keywordsSet
1837	closed	2022-09-29	2022-09-30		Issue importing from an exported DwC-A
1835	closed	2022-09-29	2022-09-30		No visible resources after migrating to 2.6.0
1833	closed	2022-09-20	2022-09-23		"Freemaker template error on IPT Health page, under ""System - Java version"""
1831	closed	2022-09-12	2022-11-25		Future of requiring basisOfRecord and controlled vocabulary
1830	closed	2022-09-12	2022-12-21		Problem finding the reason of our IPT going down
1829	closed	2022-09-12	2023-05-09	Data Package : Camtrap DP;Data Package	Create Data Package metadata editor
1828	open	2022-09-12			Visibility section of the metadata sometimes do not actualize after publishing a dataset
1827	closed	2022-09-12	2022-10-07	Data Package : Camtrap DP;Data Package	Publishing a Camtrap DP runs into DateTimeParseException
1826	closed	2022-09-12	2023-03-02	Data Package : Camtrap DP;Data Package	Footer overlaps with mapping on
1825	closed	2022-09-12	2022-10-07	Data Package : Camtrap DP;Data Package	"Data mappings on resource page always show ""3 fields mapped"""
1824	closed	2022-09-12	2022-10-05	Data Package : Camtrap DP;Data Package	Enum values not listed on mapping page
1823	closed	2022-09-12	2022-10-07	Data Package : Camtrap DP;Data Package	Mapping of Camtrap DP should treat each schema separately
1822	closed	2022-09-12	2022-10-07	Data Package : Camtrap DP;Data Package	Automapping ignores `_id` fields
1821	closed	2022-09-09	2022-09-09		Uploading `eml.xml` in existing dataset leads to java.lang.NullPointerException
1820	closed	2022-09-08	2022-09-09		Inconsistency in the field hostedBy in the IPT
1819	closed	2022-08-30	2022-09-09		Use `https://` not `http://` for ORCIDs
1818	closed	2022-08-30	2022-08-30		`&nbsp;` in taxonomic coverage
1817	open	2022-08-28			Document which DCAT profile and version is used
1816	closed	2022-08-28	2022-11-24		Datasets listed in /dcat are not always described
1815	closed	2022-08-25	2022-11-20		Lost Access to Mappings for Occurrence in Manage Dataset - Version 2.5.5-ra872e56
1814	closed	2022-08-22	2022-09-23		Admin UI management
1813	closed	2022-08-17	2022-08-23		Extension mapping interface confusing
1812	closed	2022-08-08	2022-09-23		Cannot edit mapping on a resource
1809	closed	2022-07-29	2022-07-29		Dropdown list for admin instead of dedicated page
1808	closed	2022-07-28	2022-07-28		Exception when trying to call a non-existent organization
1807	closed	2022-07-26	2022-07-27		Auto-publishing page improvements
1806	closed	2022-07-25	2022-07-28		Cancel does not work on mapping
1805	closed	2022-07-21	2022-07-22		Do not fail resource if there are unknown (new) fields in resource.xml
1804	closed	2022-07-19	2022-07-26		Geocoverage metadata has only one coordinate box, but EML allows multiple
1803	closed	2022-07-19	2022-07-25		Common mechanism for inferring metadata
1802	closed	2022-07-18	2022-07-28		Add delete buttons for sources and mappings on resource overview page
1801	closed	2022-07-18	2023-11-20		Update maps in geographic coverage and IPT settings sections
1800	closed	2022-07-08	2022-09-23		Taxonomic Coverage subsection of the IPT metadata: 'add several taxa' functionality doesn't work
1799	closed	2022-07-06	2022-07-06		Do not translate email content when changing locale
1798	closed	2022-07-01	2022-07-06		DCAT publisher syntax incorrect
1797	closed	2022-06-28	2022-07-05		IPT error when trying to edit and save metadata
1796	closed	2022-06-24	2022-06-24		Manually generate XML for DataCite DOI creation
1795	closed	2022-06-09	2022-06-14		IPT crashes with an OOM error when saving/analysing excel file 
1794	closed	2022-06-09	2022-12-05		IPT fails to update registration with 401 Unauthorized
1793	closed	2022-06-08	2022-06-08		verbatimIdentificationProperty property unavailable on v2.5.4
1792	closed	2022-06-03	2022-07-06		"Uploading EML with bounding box info returns ""Please use dot . as a decimal separator"""
1791	closed	2022-06-03	2022-06-03		Right side menu for resource management page?
1790	closed	2022-06-02	2022-06-02		eventID and parentEventID in occurrence core mapping?
1789	closed	2022-06-02	2022-06-07		Rethink about page
1788	closed	2022-06-01	2022-06-02		Include keywords to filter resources
1787	closed	2022-05-31	2022-08-05		Incorrect number of rows and columns read when using an Excel file with multiple sheets
1786	closed	2022-05-31	2022-08-05		Documentation about the version delete
1785	closed	2022-05-26	2022-08-19		Misleading warning GGBN permit status
1784	closed	2022-05-25	2022-05-25		http 404 not set
1783	closed	2022-05-20	2022-05-24		HTML description does not render in top snippet
1782	closed	2022-05-18	2022-05-19		dc:replaces highlighted as invalid in example eml
1781	closed	2022-05-10	2022-05-18		Error adding managers permissions to modify resources
1780	closed	2022-05-04	2024-10-30	Metadata	Option to add several projects in the Project data metadata page
1779	closed	2022-05-04	2022-05-19		"Method ""publish"" failed for object org.gbif.ipt.action.manage.OverviewAction@465011fa"
1778	closed	2022-05-04	2022-05-30		How to match license when uploading EML?
1777	closed	2022-05-02	2022-05-18		Getting a 100% offline IPT to load core files + extensions in admin/extensions
1776	closed	2022-04-29	2022-05-02		Password must be less than 70 bytes....
1775	closed	2022-04-28	2022-04-28		Typo: update frequency `Unknown` expressed as `unkown` in EML
1774	closed	2022-04-27	2022-05-02		IPT Source Data
1773	closed	2022-04-25	2022-04-28		Programming dates for next releases
1772	closed	2022-04-25	2022-05-02		Error Uploading Excel files
1770	open	2022-04-22			Data directory back ups from IPT front end?
1769	closed	2022-04-18	2022-04-22		Failed to load networks from Registry: https://gbrds.gbif.org
1768	closed	2022-04-14	2022-05-02		Making pending version private results in Not Authorized
1767	open	2022-04-08		question;Component-UI	Facilitate publishing a major version
1766	closed	2022-03-30	2022-05-02	bug;Under review	IPT problems with decimal degrees
1763	closed	2022-03-28	2022-04-27		Produce data archive for the new data model
1760	closed	2022-03-24	2022-05-02		Change UI to make project contact optional
1759	closed	2022-03-22	2022-03-22		Set HTTP Last-Modified header when downloading files
1758	closed	2022-03-18	2022-04-27		Data mapping for the new data model
1757	closed	2022-03-14	2022-03-14		EML maintenanceUpdateFrequency Unknown is mapped to UNKOWN via EmlValidator
1756	closed	2022-03-11	2022-03-11		2.5.7 release?
1755	closed	2022-03-11	2022-03-28		Do not display successful messages if there are errors or warning on startup
1754	closed	2022-03-09	2022-05-31		"Duplicated keyword ""Occurrence"" when actualizing a dataset"
1753	closed	2022-03-09	2022-04-27		Schema management for the new data model
1752	closed	2022-03-07	2022-05-03		Temporal Coverage doesn't allow for year only or year month only date ranges
1751	closed	2022-03-03	2022-03-03		Empty about page
1749	closed	2022-02-25	2022-02-28		Change UI to encourage descriptive titles
1748	open	2022-02-24			Would it be possible to reformat dates to ISO standards?
1747	closed	2022-02-23	2022-02-23		Bug introduced with updates to the GBIF registered extensions page
1746	closed	2022-02-23	2022-10-04		FAQ: How do I publish absences?
1745	open	2022-02-21			IPT's undelete resource does not restore dataset at GBIF.org
1744	closed	2022-02-18	2022-02-28		"editing metadata for an existing dataset: provide visible ""back"" or ""cancel"" navigation"
1743	closed	2022-02-16	2022-02-28		Datasource ANALYZE functionality broken
1741	closed	2022-02-15	2022-02-28		Cannot log in with reset password
1740	closed	2022-02-12	2022-02-14		To change password, the current one != the login one
1739	closed	2022-02-11	2022-06-01		Enable correct automapping for terms with the same label (i.e. consider namespace)
1737	closed	2022-02-10	2022-02-28		IPT cannot properly delete a registered resource with DOI
1736	closed	2022-02-04	2023-07-19	Epic	Expand the data model
1733	closed	2022-01-27	2022-01-31		Resource overview page improvements
1732	open	2022-01-27			Properly process registry responses
1730	closed	2022-01-25	2022-01-25		Reset password is confusing
1729	closed	2022-01-24	2025-09-12		Translation for Darwin Core Terms not available
1728	closed	2022-01-20	2022-01-31		IPT fails to display resource edit page if resource has networks and there is no registry connection
1727	closed	2022-01-15	2022-01-20		IPT fails to log in
1726	closed	2022-01-13	2022-01-14		"Issue ""log4j ManagerFactory unable to create manager"" when upgrading the IPT to 2.5.5"
1725	closed	2022-01-13	2022-05-02		Simple source file upload impossible with the French version of the IPT
1724	closed	2022-01-12	2022-05-31		Published datasets stuck without organization after update
1723	closed	2022-01-12	2022-01-20		Improve adding associated organization
1721	closed	2022-01-05	2022-01-31		Organization Token VS IPT Password
1720	closed	2022-01-05	2022-01-12		Auto publishing doesn't seem to work
1719	closed	2022-01-03	2022-01-03		How to get verbatim identification term?
1718	closed	2021-12-30	2022-02-01		Error window emerge when try to add a vocabulary translate
1717	closed	2021-12-30	2023-07-04		Refactor source creation functionality
1716	closed	2021-12-29	2022-01-18		Align network and organization requests
1715	closed	2021-12-27	2022-01-11		"The EML redirect the page to ""manualy"" download the file"
1714	closed	2021-12-27	2022-01-27		License translation issue - the translation is nos reflected in the IPT
1713	closed	2021-12-23	2021-12-28		Connection passwords are transmitted to client without [good] reason
1712	closed	2021-12-21	2021-12-22		Untranslated terms in version 2.5.4.
1710	closed	2021-12-20	2022-01-31		Customization of session time out
1708	closed	2021-12-20	2021-12-20		CVE-2021-45105 - log4j vulnerability
1706	closed	2021-12-17	2022-03-24		Cannot build non-stable versions with Docker
1703	closed	2021-12-14	2021-12-20		identifiedByID is not being parsed
1702	closed	2021-12-13	2021-12-28		Bump minor and patch dependencies
1701	closed	2021-12-13	2021-12-14		Add clear statement of how to download
1700	closed	2021-12-10	2021-12-20		Style URL has no '/' at the beginning
1699	closed	2021-12-10	2021-12-10		CVE-2021-44228 - log4j vulnerability
1694	closed	2021-12-06	2021-12-06		Freemarker error on vocabularies page
1693	closed	2021-12-03	2021-12-06		Cant login
1691	closed	2021-12-02	2021-12-22		"Exception in ""publish"" and ""reserveDoi"" with ipt 2.5.2 on tomcat 9 and java 11"
1690	closed	2021-12-01	2021-12-03		Using valid Collection ID but still getting Collection Match Fuzzy
1688	closed	2021-11-25	2021-11-25		Build fails with missing artifact registry-metadata:jar:3.69-SNAPSHOT
1687	closed	2021-11-22	2024-06-03		Logging not working correctly with Java 11
1686	closed	2021-11-19	2021-11-25		Inconsistency related to decimal separator in geographic coverage metadata section
1685	closed	2021-11-19	2021-11-19		GBIF logo tooltip can only be modified via HTML and not CSS 
1684	closed	2021-11-17	2021-11-19		Citation metadata section is broken on IPT version 2.5.1-r8cce947
1683	closed	2021-11-16	2021-11-19		Records filter fails in spanish version
1682	closed	2021-11-16	2021-11-29		Login redirection doesn't return to IPT
1681	open	2021-11-12			Type of dataset during creation can decide other form elements
1680	closed	2021-11-12	2021-11-12		Resource Metadata Modification screen needs Done button
1678	closed	2021-11-10	2021-11-19		Security framework of XStream not initialized, XStream is probably vulnerable.
1677	closed	2021-11-08	2021-11-08		Error logging into the IPT system
1676	open	2021-11-08			Scripting in mapping
1674	closed	2021-11-02	2022-02-02		IPT 2.5.1 installation problem on Tomcat9 + Apache proxy
1673	closed	2021-10-29	2021-11-05		data source csv files from Google Drive public urls: no way to edit/delete them
1672	closed	2021-10-27	2021-10-28		Bug while displaying a resource preview
1671	closed	2021-10-26	2021-11-26		Out of date controlled vocabularies for IPT instalation
1670	open	2021-10-26			OBIS qc checks with IPT?
1669	closed	2021-10-25	2021-11-09		Sidebar UI components
1667	closed	2021-10-18	2021-10-18		Exception when saving Sampling Methods metadata
1666	closed	2021-10-15	2022-08-30		Use jackson instead of gson
1664	closed	2021-10-13	2022-02-03		basisOfRecord [PreservedSpecimen] that does not match the Darwin Core Type Vocabulary
1663	closed	2021-10-05	2021-10-12		Modal confirmation window improvements
1662	closed	2021-10-05	2021-10-12		Error when trying to delete resource version
1660	closed	2021-09-28	2021-09-28		"Get ""Resource Does Not Exist"" when trying to save or cancel version history"
1659	closed	2021-09-28	2021-10-27		IPT truncates logfiles on startup/restart
1658	closed	2021-09-23	2021-10-01		Received exception when trying to update change summary
1657	closed	2021-09-23	2021-09-23		CLI Script for merging Members
1656	closed	2021-09-21	2021-09-21		"Link to ""trusted data hosting centre"" resource in README is broken"
1655	closed	2021-09-17	2021-10-18		Issue with citation and references part of the metadata form
1654	closed	2021-09-16	2021-09-17		Load eml.xml created outside of the IPT
1653	closed	2021-09-15	2022-02-03		"unabel to use ""materialCitation"" in basisOfRecord field of IPT"
1652	closed	2021-09-14	2021-11-30		Unable to run setup on HTTPS + proxy'd sub-path
1651	closed	2021-09-08	2021-10-15		Get rid of guava
1650	closed	2021-09-07	2021-10-19		Authentication improvements
1649	closed	2021-09-07	2021-09-07		NPE upon trying to publish a resource
1647	closed	2021-09-03	2021-09-06		Add overwrite confirmation modal window for URL sources
1646	closed	2021-09-02	2024-06-25		Package the IPT for CentOS 8 / Rocky Linux 8
1645	closed	2021-09-02	2021-09-06		NullPointerException when defining a database connection
1644	closed	2021-09-01	2021-09-06		Increase data upload file size limit
1642	closed	2021-09-01	2021-09-06		Limit amount of displayed warnings
1640	closed	2021-08-30	2021-11-03		Unable to Connect to MySQL Database using Existing Connections
1639	closed	2021-08-30	2021-08-31		Cannot see Darwin core taxon option in Darwin core mappings
1638	closed	2021-08-30	2021-11-08		Format examples from core/extension schemas appropriately
1637	closed	2021-08-28	2021-08-30		Change license doesn't work for eml versions (eml-X-.Y.xml)
1635	open	2021-08-24		Priority-High	Pipelines data validator integration
1634	closed	2021-08-24	2021-11-26		custom.css is no longer included
1632	closed	2021-08-23	2023-07-24		Support compressed text files for URL source
1627	closed	2021-08-17	2021-08-23		Uploading a file source with an existing name overwrites the existing file
1626	closed	2021-08-17	2021-08-19		Filter resources on shortname
1625	open	2021-08-16		Component-Docs;UserManual	User manual: globally unique / persistent identifier terminology is inconsistent
1624	closed	2021-08-05	2021-10-27		Error writing data file for mapping Darwin Core Occurrence
1623	closed	2021-08-05	2021-11-30		how to install new ipt and keep old running (serve identical copies of all resources from both of them)
1622	closed	2021-08-05	2021-08-05		Number of occurences records appear in IPT but not on GBIF
1621	closed	2021-08-03	2022-01-28		roles in metadata-parties.do vs metadata-basic.do need to be clarified (specially those included in the auto-generated citation)
1620	closed	2021-08-02	2021-08-24		New data validator integration
1619	closed	2021-08-02	2021-08-04		Could not update vocabulary without dc:issued date
1618	closed	2021-07-31	2021-11-10		how to revert back to a previous resource version
1616	closed	2021-07-21	2021-12-22		ManagerFactory [org.apache.logging.log4j.core.appender.rolling.RollingFileManager$RollingFileManagerFactory@2587760f] unable to create manager for [/srv/datadir/logs/debug.log] with data...
1615	closed	2021-07-20	2021-08-23		basisOfRecord [MaterialSample] that does not match the Darwin Core Type Vocabulary
1613	open	2021-07-19			Generate dynamicProperties from unmapped fields
1610	closed	2021-07-15	2021-07-16		Add source / links in tooltip do not work in 2.5.0-RC1
1609	closed	2021-07-15	2021-07-26		Open TDWG mapping links in new tab
1608	closed	2021-07-15	2021-07-16		Make the text clickable on Administration page
1607	closed	2021-07-14	2021-07-15		Broken link in GMPHowToGuide
1606	closed	2021-07-09	2021-07-12		Incorrect warning indicating IPT runs in Test mode
1605	closed	2021-07-09	2021-07-26		More useful header for Resource overview page
1604	closed	2021-06-28	2021-07-26		"Show ""Integrated Publishing Toolkit"" in the header"
1596	closed	2021-06-23	2021-06-23		Format displayed dates according to UI locale
1594	closed	2021-06-21	2021-08-20		Problems connecting to MySQL 5.7 databases
1591	closed	2021-06-15	2021-07-29		Bookmark IPT resources page with filter 
1590	closed	2021-06-13	2021-06-21		docker ipt - azure sql database
1589	closed	2021-06-09	2021-06-30		IPT uses non https URLs for Javascript libraries even when X-Forwarded-Proto: https; passed
1583	closed	2021-06-03	2021-06-04		'Resource does not exist' does not display navbar correctly
1582	closed	2021-06-03	2021-06-08		Strange encoding corruption on Tomcat 9 on Windows
1580	closed	2021-05-27	2021-06-08		Provide a troubleshooting page
1579	closed	2021-05-26	2022-05-31		Redundant Term Classes - cannot map terms to Extension 
1577	closed	2021-05-21	2021-06-03		can't register dataset: IO error occurred while trying to communicate
1575	closed	2021-05-21	2021-05-27		Wrong admin contact on login page
1572	closed	2021-05-17	2021-05-17		"Extra ""</div>"" shown in publication-with-DOI confirmation box"
1571	closed	2021-05-13	2021-08-04	Metadata;MetadataProfile;MetadataEditor	Support Markdown (or HTML) in EML
1570	closed	2021-05-05	2022-08-01		Resource creator and citation generation
1569	closed	2021-05-04	2021-05-21		"Change confusing ""base URL"" and ""proxy URL"" terms"
1568	closed	2021-04-29	2021-12-22		After version update 2.3.4 ->2.4.2: manage/resource edit no longer works
1566	closed	2021-04-28	2022-07-19		[EML edition] Generate geographic coverage
1565	closed	2021-04-28	2022-07-19		[EML edition] Generate temporal coverage
1564	closed	2021-04-28	2022-07-19		[EML edition] Generate taxonomic coverage
1563	open	2021-04-28		Priority-High	[EML edition] Use orcid API to automatically fill contact information
1562	open	2021-04-28			[EML generation] Enhance EML with data columns description
1561	open	2021-04-28		Priority-High;Component-UI	"[Data mapping] Switch layout ""DwC terms / Source columns"""
1560	open	2021-04-28			[Data mapping] Filter source column suggestions using column types
1559	closed	2021-04-27	2021-05-28		citation identifier only accepts up to 100 characters
1557	open	2021-04-26		Metadata	More than one organizational affiliation for the same role
1556	closed	2021-04-22	2021-05-27		During Set up - Make error message more explicit if the base URL is incorrect
1555	closed	2021-04-20	2021-05-27		IPT setup part II error
1554	closed	2021-04-16	2021-05-21		"Accidentally hitting ""Publish all resources"" button"
1553	closed	2021-04-16	2021-04-19		"Show ""TEST MODE"" or similar on the new UI"
1552	closed	2021-04-16	2021-05-27		make admin contact configurable
1551	closed	2021-04-16	2021-04-16	invalid	For the future new IPT UI - Would it be possible to have a menu on the metadata editing interface?
1550	closed	2021-04-13	2021-04-13	invalid	Please include How To Cite the DwCAHowToGuide
1549	closed	2021-04-13	2023-07-27		"basis of record in the IPT: ""occurrence"" vs ""taxon"" and ""event"""
1544	closed	2021-03-29	2021-05-17		Cannot upload logo
1542	closed	2021-03-12	2022-02-02		Slow Darwin Core mapping page
1541	open	2021-03-08		Type-NewFeature	Requesting a summary report generation feature for IPT
1539	closed	2021-02-11	2021-04-28	Priority-Low;Type-Defect;Component-Publication	Organization shared tokens / passwords are cached internally
1538	open	2021-02-10			Publication log and report contradict each other after canceled publication
1532	closed	2021-02-01	2022-02-03		add newly adopted DwC terms to GBIF's IPT as core terms of Occurrences
1531	closed	2021-01-29	2021-02-08		broken link in DwCAHowToGuide.md
1530	closed	2021-01-27	2021-04-28		Data links in example Excel template are broken
1529	closed	2021-01-21	2026-03-24		Update docker hub image with latest tomcat version
1528	closed	2021-01-21	2021-05-20		Error trying to reserve dois from IPT
1527	closed	2021-01-21	2021-04-19		csrf token refreshes with requests to 'logo.do' and breaks the top login form
1526	closed	2021-01-19	2021-04-28		Attempt to publish all the dataset in one go resulted in 504 error
1525	closed	2021-01-11	2021-04-28		Three new species of Inosperma (Agaricales, Inocybaceae) from tropical Africa
1524	closed	2021-01-08	2021-06-04		Doing GitHub releases when a new IPT version is released
1522	closed	2020-12-10	2021-07-26		GBIF/IPT Error uploading: {0}
1521	closed	2020-12-04	2021-08-03		Unable to load RSS feed containing the tags pubdate and lastBuildDate
1519	closed	2020-12-03	2021-07-12		Updating dataset metadata in IPT fails
1517	closed	2020-11-25	2020-12-17		UAT organisation missing UUID
1512	closed	2020-10-30	2020-11-13		401 error when trying to publish using IPT in test mode
1511	closed	2020-10-29	2021-05-20	Type-Enhancement;Component-Persistence	Improve error reporting when the IPT does not have write permission to the data directory.
1510	closed	2020-10-21	2021-04-28		Problems to load registered vocabularies and extensions - IPT GBIF Peru
1508	closed	2020-10-21	2020-12-01		Delete archive version in the UI
1507	closed	2020-10-21	2020-12-01		Define number of archives to keep
1506	closed	2020-10-21	2020-12-01		Add options in auto-publish to define the next published date more precisely
1505	closed	2020-10-21	2020-12-01		Cannot change auto-publish settings or turn it off without publishing a version
1503	closed	2020-09-24	2021-04-28		"Problem with ""Collector"" + ""Identified by"" field types in Scratchpads"
1502	open	2020-09-20		Component-Publication;Type-NewFeature	Add Frictionless Data package metadata to published Darwin Core archives
1501	closed	2020-09-15	2020-09-16		Copyright notice in footer should be updated to 2020
1500	closed	2020-09-09	2023-07-19	Component-Publication;Type-NewFeature	Support ColDP archive output format
1499	closed	2020-09-09	2020-09-10		IPT 2.4.1 regression: cannot open settings
1498	closed	2020-06-17	2020-09-20	Component-Deployment	Avoid using root
1496	closed	2020-09-07	2021-10-15	Priority-High;Type-Task;dependencies	Upgrade GBIF dependencies
1491	closed	2020-07-17	2020-07-20		mapped concepts appear duplicated in some resources published to gbif test registry
1489	closed	2020-07-13	2020-08-25		Update documentation and FAQ to reflect Debian SystemD default security settings
1488	closed	2020-07-13	2021-05-20	Component-UI;Component-Persistence;Type-NewFeature	IPT admin UI improvement - allow download of source files from admin menu
1485	closed	2020-07-01	2022-06-28	question	Advice on publishing a plant usages dataset
1483	closed	2020-06-24	2020-09-20	Metadata;MetadataEditor	Can't edit metadata
1482	closed	2020-06-22	2021-06-15	Type-Defect;Metadata;Component-Logic	"dcat export requires triple quotes """""" on strings that contain a newline"
1480	open	2020-06-17		Component-UI;Type-NewFeature	Publishing a new version by a script (command line)
1479	closed	2020-06-09	2020-06-15		Duplicate OccurenceID
1478	closed	2020-06-04	2021-06-01	Type-Defect;Registry	updating IPT contact informations
1477	closed	2020-05-25	2020-09-20	Type-Enhancement;Metadata	IPT contact points Wikidata Q-IDs
1476	closed	2020-05-19	2020-06-04		Startup warning on IPT in test mode: Test Organization #1 on gbrds.gbif-uat.org has been removed
1475	closed	2020-05-12	2020-09-20	question	USGS IPT return basis-of-record error for HumanObservation
1474	closed	2020-05-05	2020-09-08		"IPT crashes with ""OutOfMemory"" error on Postgresql"
1473	closed	2020-04-30	2021-05-18	Type-Defect;Component-UI;MetadataEditor	IPT Taxonomic Coverage -FreeMarker template error
1471	closed	2020-03-24	2021-06-11	Type-Defect;Component-UI	Login sometimes returns a NullPointerException for getCookie
1468	closed	2020-02-24	2021-06-18	Type-Enhancement;Component-Publication;DataQuality	Give an error message when occurrenceIDs are missing
1467	open	2020-02-12		Type-Enhancement;Metadata;MetadataProfile;Component-Publication	adittional metadata - extensions
1466	closed	2020-01-29	2022-08-01	Type-Enhancement;Component-Import	Automated mapping to Darwin Core terms - bug report and suggestion
1465	closed	2019-12-20	2021-05-31	Type-Defect;Component-UI	The error occurs while during filling the metadata.
1463	closed	2019-09-03	2021-05-17	Type-Defect;Component-Deployment	java.lang.NoClassDefFoundError: com/fasterxml/jackson/databind/JsonNode and java.lang.NoClassDefFoundError: com/fasterxml/jackson/core/TreeNode
1462	closed	2019-08-26	2021-05-17	Type-Defect;Component-Deployment	Classpath error in DataCite client
1461	closed	2019-08-26	2021-06-21	Type-Enhancement;Registry;Component-Persistence;Component-Publication	migrating and deleting resource from one IPT to another
1460	closed	2019-07-25	2022-01-13	Type-Enhancement;Component-Logic;Security	Passwords are encrypted rather than hashed
1456	closed	2019-06-24	2019-07-22		Audubon Core mapping
1454	closed	2019-06-11	2020-08-25		Update release docs to include docker-ipt
1453	closed	2019-06-11	2019-07-19		Update gbif-doi to version 2
1452	closed	2019-05-22	2019-07-22		dataset shortname (=identifier) allow colon and dot?
1450	closed	2019-05-15	2021-05-26	Component-Docs	Slow validation for large dataset when publishing in IPT (67 M records - takes 10 days+)
1449	closed	2019-05-14	2019-07-19		NullPointerException in PublishingMonitor's monitor thread - IPT 2.3.6
1447	closed	2019-05-03	2019-07-19		Why do only datasets with extensions include a link on the number of records
1446	closed	2019-04-10	2019-07-19		How to cite, the year doesn't get  updated
1445	closed	2019-03-13	2019-07-22		"date range ""2017/2018"" not supported in IPT but ""2017-01-01/2018-12-31"" is"
1444	closed	2019-03-06	2019-03-07		cannot compile from source: repository.gbif.org giving 503 error
1443	open	2019-03-06		Type-Defect;Component-Publication	Data dir file not found
1442	closed	2019-02-11	2022-06-17		Deleting admin user fails
1441	closed	2019-02-11	2019-06-11		Darwin Core Measurement Or Facts does not display on Event GBIF web page
1440	closed	2019-01-29	2019-02-14		"How can I delete a ""stuck"" source file?"
1439	open	2019-01-21		Priority-High;Component-UI;Type-NewFeature	"Orcid integration and contact ""store"""
1438	closed	2019-01-11	2019-07-19		Data file empty (UCDavis - Western USA - Monarch Butterflies - 1892-2005)
1437	closed	2019-01-09	2019-01-09		Enlace de descarga en el correo arroja error 404
1436	closed	2019-01-09	2021-11-19	Type-Defect;Component-UI	Resource changed from Public to Private after publishing
1435	closed	2019-01-08	2021-06-08	Type-Defect;Component-UI;Component-Persistence	Missing created resource 
1433	closed	2018-12-09	2018-12-10		duplicate wording
1432	closed	2018-11-29	2018-12-20		ipt - Cannot connect to proxy host
1431	closed	2018-11-23	2021-06-04	Security	Potential security issue - restart of tomcat required after IPT install
1430	closed	2018-11-14	2021-04-29	Type-Defect;Component-Deployment	Resources xml transfer from 2.3.4 -> 2.3.6
1429	closed	2018-11-09	2018-11-09		Security vulnerabilities in Struts2 and Jackson2
1428	open	2018-10-29		Type-Enhancement;Component-Publication	only a changed archive/dataset should result in a new version
1427	closed	2018-10-29	2022-03-22	Type-Defect;Component-UI	expected http status 404 on missing dataset, but got 302 (temporary moved) or 200 (ok) instead.
1426	closed	2018-10-29	2021-08-20	Component-UI;Translation	Spanish translation confusing
1425	closed	2018-10-25	2019-07-19		making a pending version public also exposes the current private version
1424	open	2018-10-12		Metadata;MetadataProfile;Component-Publication	Update EML userId handling according to latest specification
1423	open	2018-10-09		Type-Enhancement;Metadata;MetadataProfile;Component-Publication	EML xml:lang code
1422	open	2018-10-05		Security	WAF recognized HTML tag in EML file as possible XSS attack
1421	closed	2018-10-03	2018-11-09		CSS issue in Safari
1420	closed	2018-10-02	2021-06-11	Type-Defect;Component-UI;MetadataEditor	"All fields of Basic metadata is filled but error ""Basic Metadata section was not validated! This needs to be fixed before all sections can save successfully."" occur"
1419	closed	2018-09-25	2018-09-28		automatic user logout causes loss of input
1418	closed	2018-09-25	2018-10-05		Uploading Sampling Event Data on the IPT
1417	closed	2018-09-17	2019-09-13		login problem IPT Version 2.3.5
1416	closed	2018-09-06	2021-04-28	Priority-Low;Component-Deployment	Re-initiate Test-mode install: remove data dir, run setup, enter data, save...
1415	closed	2018-08-24	2018-11-09		Fix Apache Struts Jakarta - critical remote code execution (CVE-2018-11776)
1414	closed	2018-08-17	2021-04-28	Priority-Low;Type-Defect;Component-UI	UI fails in IE 11 (at least some versions of IE 11)
1413	closed	2018-08-01	2021-04-29	Component-UI	EML file version #unspecified for resource surveillance-exotic-mosquitoes-belgium couldn't be parsed
1411	closed	2018-07-20	2019-07-19		DataCite DOI registrations failing
1410	closed	2018-07-16	2018-07-18		documentation - IP whitelist for IPT installation?
1409	closed	2018-07-06	2018-07-12		Importing EML metadata into occurence resource
1408	closed	2018-07-03	2018-07-12		Video in tutorial not available
1407	closed	2018-07-02	2018-07-11	Type-Defect	Geographic coverage metadata can't be set global + description
1406	closed	2018-06-13	2018-07-12	Priority-High;Type-Other;Component-Docs	IPT manual page won't render
1405	closed	2018-05-17	2021-06-07	Type-Enhancement;Metadata;Component-Publication	Date created problematic
1403	open	2018-04-16		Metadata;Component-Publication;Type-NewFeature	Allow IPT to map non darwin core fields easily to the dynamicProperties field
1398	closed	2018-04-12	2021-04-28	Type-Enhancement;Component-Publication	download dataset in excel format
1397	closed	2018-04-11	2020-08-25		base URL Validation failed!
1396	closed	2018-04-10	2018-04-11	Type-Enhancement	ipt installation problems
1395	open	2018-03-30		Type-Enhancement;Component-Publication	Metadata: field/section to reference papers/articles about the dataset
1394	closed	2018-03-27	2021-06-30	question;Component-Persistence	IO exception when writing eml for Resource 1_201_monitoring_amfibieen_nl_2001
1393	closed	2018-03-21	2019-04-16	Import	Task: Release 2.3.6
1392	closed	2018-03-13	2021-05-28	Type-Defect;Component-UI	Error choosing Organization IPT 2.3.4 (gbif-chile.mma.gob.cl/ipt)
1391	closed	2018-03-08	2018-07-12		Java error after initial IPT configuration
1390	open	2018-03-08		Type-Enhancement;Component-UI	Change default Core
1389	closed	2018-03-07	2020-09-20		reset password fails
1388	open	2018-03-05		Type-Enhancement;Metadata;Component-Publication	Added license not supported by GBIF
1386	closed	2018-02-06	2020-09-08	question	Using dockerized IPT v 2.3.5 - cannot add resources in Test Mode
1385	closed	2018-01-30	2022-11-20	Type-Defect;Component-Logic	When using a star schema it's not possible to edit the base mappings
1384	closed	2018-01-29	2018-04-03		Change generated file format in DWcA
1383	closed	2018-01-09	2018-01-19		Unforseen error when saving metadata: IO exception when writing eml for Resource hemiptera-natuurpunt-occurrences
1382	closed	2018-01-05	2018-07-20	bug	Error loading vocabularies in production mode
1381	closed	2018-01-05	2018-01-05	invalid;Security	Struts 2 development mode being enabled
1380	closed	2018-01-05	2018-01-05	invalid;Priority-Medium;Security	Possible backup file was detected
1379	closed	2017-12-22	2019-07-22		Hardcoded default locale makes test fail
1378	closed	2017-12-22	2017-12-22	Security	JQuery vulnerability reported for 2.3.5
1377	closed	2017-12-20	2022-08-01	Type-Enhancement;Metadata;MetadataEditor;Component-Publication	Auto-populate geographic and temporal range metadata sections for uploaded occurrence datasets?
1376	closed	2017-12-06	2018-01-22	Priority-High;Type-Defect;Usability	Create new version of Country Codes vocabulary used by IPT
1375	closed	2017-11-30	2017-11-30	invalid	return 404 instead of crashing
1374	closed	2017-11-30	2017-12-22	Type-Enhancement	Missing CORS headers
1373	closed	2017-11-21	2017-11-23	Won't-fix	繁體中文翻譯：元數據中「引用文獻」第一項建議修改為「引用方式」
1372	closed	2017-11-13	2022-07-05	Type-Enhancement;Component-UI;Component-Docs;Translation	Add translation for Persian
1371	closed	2017-11-09	2018-07-20	Type-Enhancement;Priority-Low;Component-UI;Component-Docs;UserManual;MetadataEditor	Add warning about use of free-text citations to citation page
1370	closed	2017-10-31	2018-07-12	Type-Other	Error while trying to save edits on metadata dataset or launching preview
1369	closed	2017-10-26	2021-04-28	question;Component-UI	Unforeseen Error
1368	open	2017-10-18		Type-Other;Maintainability	Create a manual run testsuite requiring external live services
1367	closed	2017-10-11	2017-10-11	bug;Type-Defect;Security	Prevent DOM XSS vulnerability setting the language flag
1366	closed	2017-10-10	2019-07-19		Remove deprecated MetricsWsClientModule
1365	closed	2017-10-09	2017-10-10	Type-Enhancement;Security	Upgrade dependencies for 2.3.5 release
1364	closed	2017-10-07	2017-10-10	bug;Type-Defect;Security	Fix XSS issues 
1363	closed	2017-10-05	2017-10-10	Component-Docs	404 in wiki
1362	open	2017-09-28		Type-Enhancement;Priority-Medium;Component-UI;Translation	Flag potential duplicate mappings
1361	closed	2017-09-28	2019-07-19	Type-Enhancement;Priority-Medium;Usability;Component-UI;Component-Docs;Component-Logic;Maintainability;Component-Testing;UserManual	Phase out support for EZID
1360	closed	2017-09-13	2022-12-16	Component-Logic	Align citation with GBIF.org
1359	closed	2017-09-06	2017-09-07	Won't-fix;Security	Fix Apache Struts Jakarta - critical remote code execution (CVE-2017-9805)
1358	closed	2017-09-04	2017-09-04	Won't-fix	IPT says organisation is not registered while it is in administration tab
1357	closed	2017-08-31	2017-08-31	bug;Type-Defect	Null pointer error trying to edit Metadata
1356	closed	2017-08-18	2017-09-08	Won't-fix;Type-Defect	EML parsing error .. ?
1355	closed	2017-08-10	2017-09-08	Won't-fix	IPT installation must have internet connection
1354	closed	2017-08-08	2021-10-22	Component-UI;Security	IPT must ask current password before allowing user to change
1353	closed	2017-07-27	2017-07-30	Won't-fix	Running IPT 2.3.4-r68469e8 linked to Oracle and DwC mapping issue
1352	closed	2017-07-19	2017-09-15	Won't-fix	'This resource has not been registered with GBIF' - still in GBIF registration while resource should be registered
1351	closed	2017-06-29	2017-09-15	Won't-fix	The base URL is not valid
1350	open	2017-06-28		Component-Publication;Type-NewFeature	Facilitate the use of persistent unique identifiers
1349	closed	2017-06-28	2022-12-22		Change the order of licenses in the dropdown at basic metadata
1348	closed	2017-06-21	2017-07-14	Won't-fix	can't run 2 IPTs on 1 server
1347	closed	2017-06-15	2017-06-15		extension
1346	closed	2017-06-13	2022-12-01	Component-Logic;Maintainability;Security	replace itext-rtf
1345	closed	2017-06-13	2017-06-13	duplicate	Dependencies are not all Java-6 compatible
1344	closed	2017-05-24	2017-10-06	bug;Priority-High;Type-Defect;Effort-low	Inventory request fails 
1343	open	2017-05-04		Type-Enhancement;Priority-Medium;Metadata;Component-UI	Embed machine-readable metadata using schema.org markup in JSON-LD format
1342	closed	2017-05-04	2021-04-28	Priority-Medium;Metadata;Type-NewFeature	Make metadata downloadable in standard bibliographic file formats
1341	closed	2017-04-27	2017-05-01	Won't-fix;Component-Docs	IPT2ManualNotes.wiki
1340	closed	2017-04-27	2017-05-01	Won't-fix	Validation should alert in case of column names duplicates
1339	closed	2017-04-26	2019-07-22	Priority-Low;Component-Docs	How are several source files concatenated?
1338	open	2017-04-10		Type-Enhancement;Component-Import	Add MongoDB connector
1336	closed	2017-04-05	2018-04-13		Use input placeholders on login fields
1334	closed	2017-04-04	2018-04-13		Primary navigation links are too small
1333	closed	2017-03-30	2019-07-19	Type-Enhancement;Priority-High;Component-UI	Change DOI display according to new guidelines
1332	closed	2017-03-27	2021-06-04	bug;Priority-Medium;Type-Defect;Registry;Component-Logic;MetadataEditor;Effort-low	Description paragraph formatting not preserved on GBIF.org after Registry update 
1331	closed	2017-03-20	2017-10-16	Won't-fix	IPT upgrade from 2.3.2 to 2.3.4
1329	closed	2017-03-13	2017-03-13		incorrect issue entry
1328	closed	2017-03-09	2017-03-10	Type-Enhancement;Priority-Critical;Security	Upgrade dependencies for 2.3.4 release
1327	open	2017-03-09		Type-Enhancement;MetadataEditor	Logo's in IPT & Portal
1326	closed	2017-03-09	2017-03-09	duplicate	figures in metdata
1325	closed	2017-03-06	2023-01-27	Type-Enhancement;Component-UI;MetadataEditor	Add possibility to reorder items in lists (e.g. contacts, taxa, citations)
1324	closed	2017-03-03	2022-08-01	Type-Enhancement;Priority-Low;Metadata;Component-UI;UserManual;MetadataProfile;MetadataEditor	Help guide users not to number lists in metadata
1323	closed	2017-02-23	2017-03-03	bug;Won't-fix;Type-Defect;Priority-Critical	Failed to update DOI
1322	closed	2017-02-23	2017-02-28	bug;Won't-fix;Type-Defect	Migrating to 2.3.3 Home page display stack error
1321	closed	2017-02-21	2017-02-22	Won't-fix	Migrating from IPT Version 2.1.1-r4640 to IPT Version 2.3.3-rdb4ab13
1320	closed	2017-02-17	2022-06-08	bug;Type-Defect;Component-UI	Newline character in change summary breaks versions table
1319	closed	2017-02-15	2017-03-10	bug;Type-Defect	A registered resource is shown as Not registered in the Home Table
1318	open	2017-02-09		Priority-High;Type-NewFeature	Enable dataset peer-review
1317	closed	2017-02-08	2018-07-12	bug;Type-Defect	Users list disapears in French
1316	closed	2017-02-02	2019-07-19		Incorrect character escaping in DCAT?
1314	open	2017-01-31		Type-Enhancement;Metadata;Component-UI;UserManual;MetadataEditor;Translation	Better promote use of GRBio identifiers on collections metadata page
1313	closed	2017-01-11	2022-12-21	bug;Type-Defect;Component-Logic	Manage resource table broken after uploading zipped resource folder 
1312	closed	2017-01-05	2021-10-19	bug;Priority-Medium;Type-Defect;Usability;Component-UI	Manually entering lat/long values breaks auto entry
1311	closed	2017-01-04	2017-03-09	bug;Priority-Medium;Type-Defect;Usability	NFS lock file prevents deletion of resource
1310	closed	2016-12-27	2017-03-13		Create new IPT servers for GBIF
1309	closed	2016-12-20	2016-12-21	bug;Type-Defect;Usability;Priority-Critical;UserManual	Problems handling account deletion when they are resource creators
1308	closed	2016-12-20	2016-12-21	bug;Type-Defect;Usability;Priority-Critical	NPE deleting admin account
1307	closed	2016-12-19	2017-03-10	bug;Type-Defect;Usability;Security	Registry ws call on organisation page broken when IPT served with HTTPS
1306	closed	2016-12-08	2016-12-08	Type-Enhancement;Priority-High;Usability;Registry;UserManual	Make it easier to update registered resources' endpoint URLs in the GBIF Registry
1305	closed	2016-11-21	2016-11-21	Won't-fix	Search for data publishers listed as international organizations
1304	closed	2016-11-17	2019-07-24	Type-Other;UserManual	Make IPT package for CentOS
1303	open	2016-11-17		Type-Enhancement;Component-Deployment	Distribute a standalone IPT with embedded jetty
1302	closed	2016-11-15	2016-12-09	bug;Type-Defect;Component-UI;UserManual	Map on Geographic Coverage page doesn't work
1301	closed	2016-11-11	2016-11-15	Type-Other;Component-Docs	EML example link target in how-to-write-resource-metadata no longer exists
1300	closed	2016-11-09	2016-11-15	Won't-fix	Uploading big data files (8GB) 
1299	closed	2016-11-07	2016-11-15	bug;Type-Defect	FreeMarker template error,   block edit mapping
1298	closed	2016-11-03	2016-11-15	bug;Type-Defect	IPT uses insecure resources
1297	closed	2016-11-02	2016-11-02	bug;Type-Defect	Xstream conversion error
1296	closed	2016-11-02	2016-11-17	Won't-fix	fixed values not updated when remapped to database 
1295	closed	2016-11-02	2016-12-08	Type-Enhancement;Usability;Component-UI;Translation	Add translation for Russian
1294	open	2016-10-25		Type-Defect;Component-Import	Pandas gzip export not supported as source file
1293	closed	2016-10-21	2016-10-21	bug;Type-Defect;Metadata	License shown wrong in RTF
1292	open	2016-10-19		Registry;Type-NewFeature	Relax registration requirement: IPT must be associated to an organization
1291	closed	2016-10-18	2016-11-01	Type-Enhancement;Priority-Medium;Component-UI	Improve styling of lists on resource homepage
1290	closed	2016-10-12	2016-10-26	bug;Priority-High;Type-Defect;Metadata;MetadataEditor	Project data are not saved
1288	closed	2016-10-11	2016-10-21	bug;Type-Defect;Priority-Critical	Address iText issue
1285	closed	2016-09-30	2016-09-30	bug;Type-Defect	NPE importing DwC-A with no id element in meta.xml
1283	closed	2016-09-09	2016-09-12	Won't-fix;Component-Docs	Required DwC fields - Occurrence Data
1282	closed	2016-08-19	2016-10-03	Won't-fix	IPT rejects Bonjour/zeroconf Base URLs
1281	closed	2016-08-10	2016-08-10		citation
1280	closed	2016-07-29	2020-09-20	Type-Enhancement;Priority-High;Metadata;Component-Persistence	Upgrade to DataCite Metadata Schema 4.0
1279	closed	2016-06-22	2016-06-23	bug;Type-Defect;UserManual	Link to IPT user manual in page footer
1278	closed	2016-06-14	2016-06-21	Won't-fix;Type-Enhancement	alternate domain/base URL for DOIs
1277	closed	2016-06-10	2016-10-26	bug;Priority-High;Type-Defect;Metadata	Bug populating DataCite creator using only organization name
1276	closed	2016-05-24	2016-11-01	Type-Enhancement;Priority-High;Registry	Provide workaround for POR-3116
1275	closed	2016-05-11	2016-10-25	Type-Enhancement;Priority-Medium;Component-Docs	Add definition to Project.ID attribute in GBIF Metadata Profile Schema
1274	closed	2016-04-28	2016-10-25	Type-Enhancement;Priority-Critical;Security	Upgrade dependencies for 2.3.3 release
1273	closed	2016-04-20	2016-04-25	Won't-fix	IPT resource version number is not monotonic
1272	closed	2016-04-19	2016-05-04	bug;Won't-fix	Install MaterialSample GGBN core on ipt
1271	closed	2016-04-12	2016-10-03	bug;duplicate	When metadata edit occured error, after IPT upgraded from 2.1 to 2.3
1270	closed	2016-04-06	2016-11-01	Type-Enhancement;Usability;Priority-Critical;UserManual	Unable to assert copyright holder along with licence in eml intellectualRights.
1269	closed	2016-03-29	2016-03-29	duplicate	eventDate element format
1268	closed	2016-03-08	2016-10-21	Type-Enhancement;Priority-Medium;Component-Docs	Main readme should be descriptive
1267	closed	2016-02-29	2016-10-03	Type-Other;Component-Docs;UserManual	New line character replaced by a space not documented/reported
1266	open	2016-02-16		Type-Defect;Component-Docs;Component-Import	Host require Source Data even when using DB with no need of {host}
1265	closed	2016-02-08	2016-02-08	Won't-fix	Web form elements missing from Darwin Core Identification History mapping interface
1264	closed	2016-01-28	2016-01-29	duplicate	invalid pubDate format in IPT-generated RSS feed
1263	closed	2016-01-28	2016-11-01	bug;Priority-High;Type-Defect;Usability;Component-UI	Validation bug in edit organisation form
1262	closed	2016-01-21	2016-01-21	Won't-fix	"Outdated license information in case of ""No license"""
1261	closed	2016-01-21	2016-10-25	Type-Enhancement;Priority-High	Extend and improve RSS feed
1260	closed	2016-01-21	2016-01-21	duplicate	Occurrence_COre vs Event_COre validation
1259	closed	2016-01-19	2016-01-21	bug;Type-Defect	EML file version #126.5 for resource orn couldn't be parsed
1258	closed	2016-01-15	2016-01-15	Won't-fix	Source filename use whitelist to validate ASCII input
1257	closed	2016-01-15	2016-01-15	Won't-fix	Licenses
1256	closed	2016-01-15	2016-06-21	Type-Other	Why is institutionCode no part of the Event core
1255	closed	2016-01-14	2016-10-27	bug;Priority-High;Type-Defect;Component-UI	Deleting unregistered resource says resource is registered in dialog box
1254	closed	2016-01-14	2019-07-22	bug;Priority-Medium;Type-Defect	Partial ISO 8601 dates are incorrectly flagged
1253	closed	2016-01-13	2021-06-08	bug;Priority-Medium;Type-Defect;Usability;Component-UI;UserManual	Shortname permit only ASCII characters?
1252	open	2016-01-12		Usability;UserManual;Security;Type-NewFeature	Feature request: Is LDAP for a password backend possible?
1251	closed	2016-01-08	2016-01-11	duplicate;Type-Enhancement	Adding Admin as Resource Manager
1250	closed	2015-12-29	2016-01-08	bug;duplicate;Type-Defect	Error trying to edit metadata for resource
1249	closed	2015-12-18	2016-10-11	Won't-fix	API for exploring local ipt resources
1248	closed	2015-12-16	2016-10-03	bug;Priority-High;Type-Defect;Component-Logic	Resource gets added to RSS on PUBLIC, not on published
1247	closed	2015-12-16	2016-11-01	Type-Enhancement;Priority-Medium;Component-UI	Add hover over text to DwC-A validator button
1246	open	2015-12-15		Type-Enhancement;Priority-High;sampling-event	Check for references to core IDs that do not exist
1245	closed	2015-12-15	2015-12-15	duplicate	Archive validator inside IPT misses missing parentEventID error
1244	closed	2015-12-09	2015-12-10	bug;Won't-fix;Type-Defect	Validator fails validating occurrence ext. of event core
1243	closed	2015-12-09	2015-12-15	bug;Won't-fix;Type-Defect	Archive validator inside IPT misses errors found by online 'Darwin Core Archive Validator'
1242	closed	2015-12-09	2015-12-09	duplicate	Add an option to load metadata fromeml.xml
1241	closed	2015-12-07	2016-10-11	bug;Type-Defect;Configuration;Priority-Critical	Error with proxy settings (2)
1240	closed	2015-12-07	2016-11-01	bug;Won't-fix;Priority-High;Type-Defect;Component-UI	No 'Yes' button in Registration dialog
1238	closed	2015-12-02	2016-10-27	Type-Enhancement;Priority-Medium;Usability;Component-Docs;UserManual	Adding or deleting fields in source data affects mapping even for columns which do not change
1237	closed	2015-12-02	2016-10-11	bug;Won't-fix;Type-Defect	Random refresh loses unsaved changes
1235	closed	2015-12-02	2022-12-28	bug;Type-Defect;Component-UI	Catch JsonSyntaxException when processing JSON from the registry
1234	closed	2015-12-02	2016-10-11	bug;Won't-fix;Type-Defect	No 'Add source' button 
1233	closed	2015-11-27	2015-11-30	Won't-fix	Versioning darwin core / meta.xml
1232	open	2015-11-23		bug;Priority-Medium;Type-Defect;Component-Import	Exception using ' as input at SQL Statement
1231	closed	2015-11-20	2016-10-03	bug;Priority-Medium;Type-Defect	Concatenate line breaks for DCAT
1230	closed	2015-11-19	2016-10-26	bug;Won't-fix;Priority-High;Type-Defect;sampling-event	Investigate problem creating resource from sampling event DwC-A
1229	closed	2015-11-19	2016-10-27	Type-Enhancement;Priority-High;Usability;sampling-event	Lock eventID mapping so it mirrors ID mapping
1228	open	2015-11-18		bug;Priority-Medium;Type-Defect;Component-Import	Wrong Character Encoding detected
1227	closed	2015-11-17	2016-10-31	Type-Enhancement;Priority-Medium;Usability	Cleanup invalid resource directories on startup
1225	open	2015-11-09		Type-Enhancement;Priority-High;Component-Import	Configurable decimal separator
1224	closed	2015-11-05	2015-11-05	Won't-fix	after upgrade to 2.3.2 cannot access metadata
1223	closed	2015-10-27	2015-10-30	bug;Type-Defect;Priority-Critical;Component-Persistence	Auto-publishing failure results in resource version being out of sync 
1222	closed	2015-10-27	2017-06-13	Type-Enhancement;UserManual	Move to Java 8
1221	closed	2015-10-20	2015-10-30	bug;duplicate;Type-Defect	Issues publishing by direct db connection after java issue
1220	closed	2015-10-16	2022-12-21	Type-Enhancement;Priority-Critical;Registry;Component-Persistence	Prevent duplicate IPT registrations
1219	closed	2015-10-15	2016-10-11	bug;duplicate;Type-Defect;Component-UI;Priority-Critical	Minor issue: Link to github IPT user manual would be nice, especially for new users of the IPT
1218	closed	2015-10-14	2016-10-26	bug;Type-Defect;Priority-Critical	NPE thrown while validating Occurrence extension
1217	closed	2015-10-14	2016-10-03	bug;Priority-High;Type-Defect	DCAT feed broken
1216	closed	2015-10-13	2015-10-13	Won't-fix	DCAT feed excludes datasets without a GBIF-approved license
1215	closed	2015-10-09	2015-10-09	bug;Type-Defect;Usability;Component-UI;Priority-Critical	Freemarker template error on Additional Metadata page
1214	closed	2015-10-08	2015-10-08		Increased number of records in visherintroductie
1213	closed	2015-10-08	2016-11-01	bug;Priority-Medium;Type-Defect	Resource overview uses updated title, not last published title
1212	closed	2015-10-07	2015-10-07	bug;duplicate;Type-Defect	Source Data - Microsoft SQL Server: NULL values crash DwC-A generation
1211	closed	2015-10-06	2015-10-06	bug;Type-Defect;Priority-Critical;Component-Persistence	Filter time on mapping page not saved properly
1210	closed	2015-10-06	2015-10-09	bug;Priority-Medium;Type-Defect	Keywords repeated across thesauri break DCAT feed
1209	closed	2015-10-06	2015-10-09	bug;Priority-Medium;Type-Defect	DCAT displays metadata from preview and not last published version
1208	closed	2015-10-06	2015-10-09	bug;Priority-Medium;Type-Defect	Double quotes are not escaped in DCAT feed => incorrect Turtle syntax
1207	closed	2015-10-05	2015-10-07	bug;Type-Defect;Usability;Metadata;Priority-Critical	Building new archive makes EML errors - missing eml.ftl
1206	closed	2015-10-05	2017-10-31	Type-Enhancement;Priority-High;Metadata	Enhance metadata for sample-based datasets
1205	closed	2015-10-02	2015-10-03	bug;Type-Defect;Usability;Priority-Critical	Error processing SQL result sets with null table column values
1204	closed	2015-10-02	2015-10-03	bug;Type-Defect;Usability;Component-UI;Priority-Critical	Mapping page is blank for extensions to Taxon core
1203	closed	2015-10-02	2015-10-03	bug;Won't-fix;Priority-Medium;Usability	Error deleting admin account
1202	closed	2015-10-01	2016-10-11	bug;Won't-fix;Type-Defect;Configuration;Security	Cannot HTTPS IPT instance
1201	closed	2015-09-29	2015-09-29	bug;Type-Defect;Component-UI;Priority-Critical	Resources table broken (in French)
1200	closed	2015-09-25	2015-10-06	bug;Priority-High;Type-Defect;Usability	Deleting Event core mapping has adverse effect
1199	closed	2015-09-23	2015-10-09	bug;Priority-Medium;Type-Defect;Component-UI	"Users table filter shows ""versions"" - should show ""users"" "
1198	closed	2015-09-18	2018-07-12	Type-Enhancement;Priority-High;Usability;Component-UI;design;UserManual	De-emphasize upload of DwC-A as first step in creation of resource
1197	closed	2015-09-14	2015-09-14	bug;Type-Defect;Priority-Critical	Posted form parameters not encoded in UTF-8 (with Tomcat)
1196	closed	2015-09-11	2015-09-15	bug;Priority-High;Type-Defect;Usability	FreeMarker template error on mapping page
1195	closed	2015-09-11	2015-09-15	bug;Priority-High;Type-Defect;Usability	"Duplication of ""Darwin Core Identification History"" extension in Darwin Core Mappings drop-down"
1194	closed	2015-09-07	2015-09-09	Type-Enhancement;Priority-Medium	Implement DCAT feed
1193	closed	2015-09-03	2015-09-14	duplicate	Connect to gzip/zip file to republish as alternative to db connection
1191	closed	2015-09-01	2015-09-01	bug;Type-Defect;Usability;Priority-Critical	Creating new resource with invalid file (e.g. .mdb) breaks IPT
1190	closed	2015-08-31	2015-08-31	bug;Won't-fix;Type-Defect;Priority-Critical	Building 2.3-SNAPSHOT errors out with  package com.lowagie.text does not exist
1189	closed	2015-08-25	2015-08-25	bug;Type-Defect;Usability;Component-UI;Priority-Critical	Javascript error prevents selection of data licence
1188	closed	2015-08-19	2015-08-26	Type-Enhancement;Priority-Medium;Component-UI	Update GBIF logo
1187	closed	2015-08-19	2016-10-25	Type-Enhancement;Priority-Critical;Security	Update XSS Filter
1186	closed	2015-08-14	2015-08-26	bug;Type-Defect;Usability;Priority-Critical;Translation	Allow non-occurrence datasets to be registered regardless of license assigned
1184	closed	2015-07-29	2015-08-18	bug;Won't-fix;Priority-High;Type-Defect	Identifiers Changed for Unregistered Datasets in IPT 2.2
1182	closed	2015-07-28	2015-08-18	bug;Priority-High;Type-Defect;Usability	Mapping preview shows more rows than records (see screenshot)
1179	closed	2015-07-21	2015-08-26	bug;Type-Defect;Usability;Priority-Critical;Translation	Allow IPT to be installed without an organization
1177	closed	2015-07-06	2015-07-10	bug;Type-Defect;Usability;Priority-Critical	Cannot edit resource metatdata after upgrade from 2.1.1 to 2.2.1
1176	closed	2015-06-25	2015-06-25	bug;Type-Defect;Priority-Critical	File sorting broken on Windows
1175	closed	2015-06-25	2015-06-25	bug;Type-Defect;Priority-Critical	Not possible to change registration rights for manager claudio.ghiglione@riftia.eu @ ipt.biodiveristy.aq
1174	open	2015-06-16		Type-NewFeature	Add multilingual support to occurrence data authoring 
1173	closed	2015-06-10	2015-06-10	bug;Type-Defect;Priority-Critical	Metadata-only resource type not updated properly in Registry 
1172	closed	2015-06-08	2015-06-08	Type-Enhancement;Priority-High;Security	Upgrade dependencies for 2.3 release
1171	closed	2015-06-08	2016-10-11	Won't-fix	Enhancement: Add a Pensoft button
1170	closed	2015-06-08	2015-06-08	bug;Type-Defect;Component-UI;Effort-low	Versions table icon not showing
1169	closed	2015-06-02	2015-07-10	Type-Enhancement;Priority-Critical;UserManual	Support another default core: Darwin Core Event
1168	open	2015-05-21		Type-Enhancement;Usability;Component-UI;Registry	Make registry error messages more specific
1167	closed	2015-05-15	2015-08-19	bug;Type-Defect;Usability;Security	User context switching when concurrent administrators logged in
1166	open	2015-05-15		Type-Enhancement;Component-UI	Repeat roles, not people in metadata editor interface
1165	closed	2015-05-15	2016-10-11	Won't-fix;Type-Enhancement	Adding a merged csv file download option to the resource page
1164	closed	2015-05-15	2015-05-15	bug;Won't-fix;Type-Defect;Component-Persistence	Previously public versions now private in IPT 2.2
1163	closed	2015-05-15	2015-06-05	bug;Priority-Medium;Type-Defect	Resource pages no longer have a HTML title
1162	open	2015-05-08		Priority-High;Type-Defect;Usability;Component-Import	Preview of source data from sql statement fails due to appended/replacement of rownum clause
1161	closed	2015-05-08	2015-06-05	bug;Type-Defect;Usability;Component-UI;Priority-Critical	FreeMarker template error: Edit version history page
1160	closed	2015-05-08	2015-07-10	Type-Enhancement;Component-UI;Component-Persistence;UserManual	Allow metadata descriptions to be broken into paragraphs 
1159	closed	2015-05-08	2015-07-10	Type-Enhancement;Component-UI;UserManual	Hide redundant class' terms on mapping page
1158	closed	2015-05-08	2015-07-10	Type-Enhancement;Component-UI;Component-Persistence;UserManual	Allow installed extensions to be upgraded to newer versions
1157	closed	2015-05-08	2015-06-08	Type-Enhancement;Component-UI	Check for new extension versions
1156	closed	2015-05-08	2015-05-08	Type-Task;Component-Docs	Define a versioning policy for extensions and vocabularies
1155	closed	2015-05-08	2015-05-08	Type-Defect;Usability;Priority-Critical;Component-Persistence	No DwC-A download button/link on resource page
1154	closed	2015-05-08	2015-05-08	Priority-Medium;Type-Defect	pubDate missing in RSS feeds post 2.2 update
1153	closed	2015-05-08	2018-04-13	Type-Enhancement;Priority-Medium;Performance;Component-UI	Use Font Awesome for icons instead of images
1152	closed	2015-05-08	2015-05-08		Denerate Darwin Core file
1151	open	2015-05-08		Type-Enhancement;Component-UI	Show doi in IPT metadata
1150	closed	2015-05-08	2015-05-08	Type-Defect	IPT error
1149	closed	2015-05-08	2015-05-08		IPT Portuguese Language
1148	closed	2015-05-08	2015-05-08	Type-Defect;Priority-Critical	IPT error
1147	closed	2015-05-08	2015-05-08	Type-Defect;Usability;Priority-Critical	Posting URL of the Struts2 generated HTML form is wrong
1146	closed	2015-05-08	2015-05-08	Type-Defect;Usability;Priority-Critical	Guice provision errors: java.lang.NullPointerException
1145	closed	2015-05-08	2015-05-08	Type-Defect;Usability;Priority-Critical	Guice provision errors: No such field org.gbif.ipt.model.Organisation.agencyAccountPrimary
1144	closed	2015-05-08	2021-04-28	Type-Enhancement;Component-UI	"Make it possible to close the open tooltip by clicking anywhere in the <body>  or pressing ""esc"" "
1143	closed	2015-05-08	2015-06-05	Type-Enhancement;Component-UI	Adding a mapping date to the overview page
1142	closed	2015-05-08	2015-05-08	Type-Enhancement;Priority-High;UserManual	Provide machine readable inventory
1141	closed	2015-05-08	2015-05-08	Type-Defect;Priority-Critical;Registry;Component-Persistence	Previous archived versions deleted 
1140	closed	2015-05-08	2015-05-08	Type-Defect;Usability;Priority-Critical	Excel integer column becomes float
1139	closed	2015-05-08	2015-05-08	Type-Defect;Priority-Critical	CCO 1.0 text should be indicated as a waiver, it is not a license
1138	closed	2015-05-08	2015-06-18	Type-Enhancement;Priority-High;Component-UI	Mapping term default value text box
1137	closed	2015-05-08	2015-05-08	Type-Defect;Component-Docs;Component-Persistence	ODBC connection does not work
1136	closed	2015-05-08	2015-05-08	Type-Defect;Component-Testing	Unable to build IPT due to test assertion failure
1135	closed	2015-05-08	2015-05-08	Priority-Medium;Type-Defect;Usability;Component-Docs;Translation	CR not supported within quoted text fields in CSV Source file
1134	closed	2015-05-08	2015-05-08	Type-Defect;Priority-Critical	Can't write mapping configuration
1133	closed	2015-05-08	2021-09-07	Type-Enhancement;Component-Import	Allow upload of Excel or CSV directly
1132	closed	2015-05-08	2015-05-08	Type-Defect;Priority-Critical	Error message from IPT with extension Germplasm accession (v20140515)
1131	closed	2015-05-08	2015-05-08	Type-Enhancement;Priority-Critical;Registry;Component-Persistence;Component-Testing	Make back-end changes needed to implement DOI minting workflow
1130	closed	2015-05-08	2016-10-31	Type-Enhancement;Priority-High;Component-Docs;UserManual;sampling-event	Add counts and reference for all files contained within the archive
1129	closed	2015-05-08	2015-05-08	Type-Defect;Usability;Priority-Critical;Translation	Second step of setup fails when host name is the same as the base URL in production mode
1128	closed	2015-05-08	2015-05-08	Type-Enhancement;Component-UI;Priority-Critical;MetadataEditor;Translation	Make front-end changes needed to implement DOI minting workflow
1127	closed	2015-05-08	2015-06-08	Priority-Critical;Type-Task	Update IPT extensions and vocabularies for new Darwin Core Release
1126	closed	2015-05-08	2015-05-08	Type-Enhancement;Priority-High;Component-UI;Component-Persistence;UserManual;Translation	Store DOI registration agency account information for an organisation
1125	closed	2015-05-08	2015-05-08	Type-Enhancement;Priority-High	Upgrade dependencies for 2.2 release
1124	closed	2015-05-08	2022-11-26	Priority-Medium;Type-NewFeature	Configure resource to go public automatically on a pre-set date
1123	closed	2015-05-08	2015-05-08	Type-Enhancement;Priority-High;Usability;Component-UI	Show dublin core namespace prefixes in mapping forms
1122	closed	2015-05-08	2015-05-08	Priority-Medium;Type-Defect	Update guava, IPT not running on Wildfly8 (JBoss)
1121	closed	2015-05-08	2015-05-08	Type-Defect;Usability;Priority-Critical;Component-Docs;Security	User loses session logged
1120	closed	2015-05-08	2015-05-08	Priority-High;Type-Defect;Usability	Vocabulary quantityType uses an incorrect URL
1119	open	2015-05-08		Type-Enhancement;Component-Import	Improve handling of date 0000-00-00 in MySQL
1118	closed	2015-05-08	2015-05-08	Type-Defect;Priority-Critical	IPT error
1117	closed	2015-05-08	2015-05-08	Type-Defect	Not selecting a core type results in FreeMarker template error
1116	closed	2015-05-08	2015-05-08	Type-Enhancement;Priority-Critical;Component-Docs	Construct DataCite XML metadata document from IPT resource/EML properties
1115	closed	2015-05-08	2015-05-08	Type-Other;Priority-Critical;Component-Docs;UserManual	Devise a DOI minting workflow
1114	closed	2015-05-08	2015-05-08	Type-Other;Priority-Critical;Component-Docs;UserManual	Determine a small number of citation formats supported in the auto citation generation feature
1113	closed	2015-05-08	2015-05-08	Type-Enhancement;Component-UI	Show how to cite the resource more clearly on public resource page
1112	closed	2015-05-08	2015-05-08	Type-Enhancement;Priority-High;Usability	Ensure public resource page never shows unpublished metadata
1111	closed	2015-05-08	2015-05-08	Type-Enhancement;Priority-High;Component-UI;UserManual;Translation	Make a preview resource page
1110	closed	2015-05-08	2015-05-08	Type-Enhancement;Priority-High;Component-UI;UserManual	Show the resource's version history on public resource page
1109	closed	2015-05-08	2015-05-08	Priority-Critical;Type-Task;Component-Docs;UserManual	Devise a DOI versioning policy 
1108	closed	2015-05-08	2015-06-05	Type-Enhancement;Priority-Low;Component-UI	RDFa can be used to include semantic RDF data in resource summary page
1107	closed	2015-05-08	2015-05-08	Type-Defect	Invalid DwC-A being generated by IPT when using extension
1106	closed	2015-05-08	2015-05-08	Type-Defect;Usability;Priority-Critical	No output for 3 Audobon Core fields
1105	closed	2015-05-08	2015-05-08	Type-Defect;Usability;Priority-Critical	Error prevents publication: ArrayIndexOutOfBoundsException due to use of filter feature on mapping source page 
1104	closed	2015-05-08	2015-05-08	Priority-High;Type-Defect	Failed mapping
1103	open	2015-05-08		Type-Enhancement;sampling-event	An easy way to add multiple measurementTypes in an measurementOrFacts extension file
1102	closed	2015-05-08	2015-05-08	Type-Defect;Usability;Priority-Critical	Updates are shown only after refreshing the page (F5)
1101	closed	2015-05-08	2015-05-08	Type-Defect	Failed logout
1100	closed	2015-05-08	2015-05-08	Priority-High;Type-Defect;Usability	Uploaded XLSX gets decimal point assigned to integer-based occurrenceID
1099	closed	2015-05-08	2015-05-08	Priority-High;Type-Defect;Usability	Clicking cancel does not stop publishing of resource
1098	closed	2015-05-08	2015-06-15	bug;Priority-Medium;Type-Defect;Usability	Zipped source data creates two files
1097	closed	2015-05-08	2015-05-08	Type-Enhancement;Priority-Medium;Usability;Translation	"Add a solution to the error message ""Request exceeded allowed size limit!"""
1096	open	2015-05-08		Type-Enhancement;Component-Publication	Add another visibility option: Registered users
1095	closed	2015-05-08	2016-10-12	Won't-fix;Type-Enhancement	Filling static values from csv file
1094	closed	2015-05-08	2016-10-12	Won't-fix;Type-Enhancement;Priority-High;Maintainability;MetadataProfile	Replace gbif-metadata-profile dependency with registry 
1093	closed	2015-05-08	2015-06-05	Won't-fix;Type-Defect	Maximum number of resources properly supported too low
1092	closed	2015-05-08	2015-05-08	Type-Defect	"Extension ""Event Occurrence"" does not appear in Darwin Core Mappings, after installation"
1091	closed	2015-05-08	2015-05-08	Type-Enhancement;Usability;Priority-Critical	Allow any core to also be mapped as an extension
1090	closed	2015-05-08	2015-05-08	Type-Enhancement;Usability;Component-UI;UserManual;Translation	Improve documentation for Shortname on Manage IPT Tab
1089	closed	2015-05-08	2015-05-08	Priority-High;Type-Defect;Usability	Excel source file: (uninterpreted) formula published instead of cell value
1088	closed	2015-05-08	2015-05-08	Type-Enhancement	Generate occurrenceID with occurrence type archive
1087	closed	2015-05-08	2015-05-08	Type-Defect;Usability;Priority-Critical	Extension name conflict causes DwC-A output file to be overwritten during publication 
1086	closed	2015-05-08	2015-05-08	Type-Enhancement;Priority-High;Component-UI;UserManual;MetadataProfile;MetadataEditor	Add a contact information field for ORCID 
1085	closed	2015-05-08	2015-05-08	Type-Defect	Menu css error on Chrome and Safari
1084	closed	2015-05-08	2015-05-08	Type-Defect;Priority-Critical	NPE in XSSFilter
1083	closed	2015-05-08	2015-05-08	Type-Enhancement;Security	Use the next security fix release of Struts2 when it becomes available
1082	closed	2015-05-08	2015-05-08	Priority-High;Type-Defect	meta.xml contains id mapping without column index or default value
1081	closed	2015-05-08	2015-05-08	Type-Enhancement	Updating IPT metadata based on EML-file
1080	closed	2015-05-08	2015-05-08	Type-Defect;Usability;Priority-Critical	Add resource manager fails
1079	closed	2015-05-08	2016-10-12	Won't-fix;Type-Enhancement	whitespace free identifiers
1078	closed	2015-05-08	2015-05-08	Type-Defect	EML 'country' data not being read correctly
1077	closed	2015-05-08	2015-05-08	Type-Defect	An unexpected error occurred while writing RTF file: null
1076	closed	2015-05-08	2015-05-08	Type-Defect	Field count vs. column count inconsistency
1075	open	2015-05-08		Component-Import;sampling-event;Type-NewFeature	Support abundance matrix source data
1074	closed	2015-05-08	2015-05-08	Type-Defect	IPT error
1073	closed	2015-05-08	2015-05-08	Type-Defect;Priority-Critical;Registry	Can't register a new IPT
1072	closed	2015-05-08	2015-05-08	Type-Defect	GBIF Registration Error
1071	closed	2015-05-08	2015-05-08	Type-Defect	IPT error
1070	closed	2015-05-08	2015-05-08	Type-Defect	Prevent rare situation where mapping exists with no source
1069	closed	2015-05-08	2015-05-08	Type-Defect;Component-Persistence	Problem encountered using latest Postgres jar
1068	closed	2015-05-08	2015-05-08	Priority-High;Type-Defect	Ensure passwords in registration configuration file are persisted in encrypted format
1067	closed	2015-05-08	2015-05-08	Type-Defect;Usability;Priority-Critical	TRanslation fail
1066	closed	2015-05-08	2015-05-08	Type-Enhancement;Priority-High;Usability;Component-UI	Add stricter field validation to IPT registration and update IPT registration forms
1065	closed	2015-05-08	2015-05-08	Priority-High;Type-Defect;UserManual	No. of records shows as zero
1064	closed	2015-05-08	2015-05-08	Type-Defect;Priority-Critical	Mapping new cores, always reverts dataset type to Occurrence
1063	closed	2015-05-08	2015-05-08	Type-Enhancement;Priority-Critical;UserManual	Remove ability to auto create identifiers, except for the Taxon core
1062	closed	2015-05-08	2015-05-08	Type-Enhancement;Priority-Critical;UserManual	Ensure that occurrenceID/taxonID is present and unique on all rows
1061	closed	2015-05-08	2015-05-08	Type-Enhancement;Priority-Medium;Usability;Translation	Add translation for Japanese
1060	closed	2015-05-08	2015-05-08	Type-Enhancement	Support multiple core types
1059	open	2015-05-08		Type-Enhancement;Priority-Medium;Component-UI	Add the relationship between node and organisation in the  list of organisation
1058	closed	2015-05-08	2015-05-08	Type-Defect;Priority-Critical;Security	ErrorCode by removing parameter
1057	closed	2015-05-08	2015-05-08	Type-Defect;Priority-Critical;Security	CrossSiteScripting by HTML special character insertion
1056	closed	2015-05-08	2015-05-08	Type-Defect;Priority-Critical;Security	ErrorCode by special character insertion
1055	closed	2015-05-08	2015-05-08	Type-Defect;Priority-Critical;Security	ErrorCode by NULL character insertion
1054	closed	2015-05-08	2015-05-08	Type-Defect;Priority-Critical;Security	Insecure, HTTP Protocol by using sensitive information on input form
1053	closed	2015-05-08	2015-05-08	Type-Defect;Priority-Critical;Security	Leaking file contents by using NULL character and DirectoryTraversal on UNIX server (Risk: High)
1052	closed	2015-05-08	2015-05-08	Priority-High;Type-Defect	Possible flaw validating the IPT's base url at IPT's installation
1051	closed	2015-05-08	2015-05-08	Priority-Medium;Type-Defect;Component-UI	Resolve URL for alternative identifiers
1050	closed	2015-05-08	2015-05-08	Type-Enhancement;Priority-High;Component-UI;Registry	Update GBRDS links to new portal
1049	closed	2015-05-08	2015-05-08	Type-Defect	Darwin Core Archives now have a leading \ for all the zip files
1048	closed	2015-05-08	2015-05-08	Type-Enhancement	Accept Excel/ODF source workbooks which will be separated automatically to different csv files
1047	closed	2015-05-08	2015-05-08	Type-Other	OBIS registered extensions links are invalid
1046	closed	2015-05-08	2015-05-08	Priority-High;Type-Defect;MetadataEditor	In keywords section, if Keywords List textarea is empty, is saved with the word null
1045	closed	2015-05-08	2015-05-08	Type-Enhancement	Sharing libraries between Tomcat web applications can create problems
1044	closed	2015-05-08	2015-05-08	Type-Defect	Publishing new data doesn't happen
1043	closed	2015-05-08	2015-05-08	Type-Defect;Priority-Critical;MetadataEditor	Geographic coverage set to global for decimal coordinates
1042	closed	2015-05-08	2015-05-08	Type-Enhancement;Usability;Priority-Critical;UserManual;Translation	Prevent resource migration when there is already a registered resource with the same UUID
1041	closed	2015-05-08	2015-05-08	Type-Defect;Usability;Priority-Critical;MetadataEditor	Resource homepage should not be required
1040	closed	2015-05-08	2015-05-08	Type-Defect	Publication date and total occurrences incorrect for previous versions
1039	closed	2015-05-08	2015-05-08	Type-Defect;Priority-Critical	IPT error
1038	closed	2015-05-08	2015-05-08	Type-Enhancement;Component-UI;Priority-Critical;Registry;MetadataEditor	 IPT should impose the same field validation as the Registry
1037	closed	2015-05-08	2015-05-08	Type-Defect	NullPointerException upon trying to import an eml.xml file of an existing resource
1036	closed	2015-05-08	2015-05-08	Type-Defect	Resource data disappeared. Not shown even though exist in the created eml.xml file
1035	closed	2015-05-08	2015-05-08	Type-Defect	DwcA download from resource page is not working with Windows native zip program
1034	closed	2015-05-08	2015-05-08	Type-Defect	DawInvalid ZIP file, 
1033	closed	2015-05-08	2015-05-08	Type-Defect	Failed importing of a zipped resource
1032	closed	2015-05-08	2015-05-08	Type-Defect	NullPointerException upon trying to import an eml.xml file of an existing resource
1031	closed	2015-05-08	2015-05-08	Priority-Low;Type-Defect	File not found exception on about.ftl
1030	closed	2015-05-08	2015-05-08	Priority-High;Type-Defect	Auto publishing issue
1029	closed	2015-05-08	2016-10-11	Won't-fix;Type-Enhancement;Priority-Critical;Component-Docs;UserManual;Translation;GBIF-WP	Translate IPT User Manual into new languages
1028	closed	2015-05-08	2016-10-11	Won't-fix;Type-Enhancement;Priority-Critical;MetadataProfile;GBIF-WP	IPT enhances its ability to publish metadata about unpublished collections
1027	closed	2015-05-08	2015-05-08	Type-Enhancement;Priority-Critical;UserManual;GBIF-WP	IPT can support sample-based data
1026	open	2015-05-08		Priority-Critical;Registry;UserManual;GBIF-WP;Component-Publication;Type-NewFeature	IPT can upload zipped archives to pilot repository
1025	closed	2015-05-08	2015-05-08	Type-Enhancement;Priority-Critical;UserManual;MetadataProfile;MetadataEditor;Translation;GBIF-WP	IPT can enforce selection of a machine-readable licence for a dataset
1024	closed	2015-05-08	2015-05-08	Type-Enhancement;Priority-Critical;UserManual;GBIF-WP	IPT can enable users to cite datasets consistently and reliably 
1023	closed	2015-05-08	2015-05-08	Type-Enhancement;Priority-Critical;UserManual;GBIF-WP	IPT can enforce that each record/dataset has a basis of record
1022	closed	2015-05-08	2015-05-08	Type-Enhancement;Priority-Critical;Registry;UserManual;GBIF-WP	IPT can handle DOIs as stable identifiers for datasets
1021	closed	2015-05-08	2016-10-12	Won't-fix;Type-Enhancement;Priority-Critical;Registry	Use the new registry web services
1020	closed	2015-05-08	2015-05-08	Type-Enhancement	Ability to delete mapping or re-execute automapping
1019	closed	2015-05-08	2015-05-08	Type-Defect;Priority-Critical;Registry	Error restarting server when organisation is deleted in GBIF Registry
1018	closed	2015-05-08	2015-05-08	Type-Other;Priority-Critical;Component-Docs;UserManual	An issue of startup.sh during installation
1017	closed	2015-05-08	2015-05-08	Priority-Medium;Type-Defect;UserManual;Translation	Problem with special characters in the file´s name
1016	closed	2015-05-08	2015-05-08	Priority-High;Type-Defect	Organisation password link no longer appears when adding a new organisation
1015	closed	2015-05-08	2015-05-08	Type-Defect;Usability;Priority-Critical	DarwinCore Archive is generated with the files inside a folder with no name (which is inside the zip file)
1014	closed	2015-05-08	2015-05-08	Type-Enhancement;Priority-Low	New subtype option in basic metadata section
1013	closed	2015-05-08	2015-05-08	Priority-Medium;Type-Defect;Usability;MetadataEditor	emails forced to be all lowercase
1012	closed	2015-05-08	2015-05-08	Type-Enhancement;Priority-Critical;Component-Docs	Support any number of cores, in particular MaterialSample
1011	closed	2015-05-08	2015-05-08	Priority-Medium;Type-Defect;Component-UI	URLs in Citations section of metadata converted to links wrong
1010	closed	2015-05-08	2015-05-08	Priority-Medium;Type-Defect;MetadataEditor	Problems with an email extension 
1009	closed	2015-05-08	2015-05-08	Type-Defect;Usability;Priority-Critical;MetadataEditor	NPE saving metadata
1008	closed	2015-05-08	2020-09-20	duplicate;Type-Enhancement;Priority-Medium	Expose uploaded source files directly
1007	closed	2015-05-08	2015-05-08	Type-Defect;Usability	How to install this Darwin Core Extension: Darwin Core Measurement Or Facts
1006	closed	2015-05-08	2015-05-08	Type-Enhancement;Priority-Medium;Translation	Improve Spanish translation
1005	closed	2015-05-08	2024-11-08	Type-Enhancement;Priority-Medium;Component-UI	A customizable section for IPT sites identification
1004	closed	2015-05-08	2017-10-16	Won't-fix;Type-Enhancement;Priority-Medium;Usability;Component-UI	Using content negotiation to give user preferred language of interface
1003	closed	2015-05-08	2015-05-08	Type-Enhancement	More Collections in  metadata
1002	closed	2015-05-08	2015-05-08	Type-Defect;Priority-Critical;Security	IPTstruts2 vulnerability
1001	closed	2015-05-08	2015-05-08	Type-Defect;Priority-Critical	Resource page does not display all version specific data
1000	closed	2015-05-08	2015-05-08	Type-Defect	Bounding box, after a while all the datasets are set to global coverage
999	closed	2015-05-08	2015-05-08	Priority-Medium;Type-Defect;Usability;MetadataEditor;Effort-low	Temporal Coverage date format mm/dd/yyyy translates into gobbledygook
998	closed	2015-05-08	2015-05-26	Type-Task;Component-Testing	Setup demo site on low-cost host
997	closed	2015-05-08	2015-05-08	Type-Enhancement;Priority-Medium	Replace log4j with slf4j & logback
996	closed	2015-05-08	2015-05-08	Type-Enhancement;Priority-Medium;Usability;Component-UI;UserManual	Easier selecting on long dropdown list
995	closed	2015-05-08	2015-05-08	Type-Defect	Problems with decimal separator
994	closed	2015-05-08	2015-09-10	Type-Other;Type-Task;Component-Docs;UserManual	Migration to GitHub
993	closed	2015-05-08	2015-05-08	Priority-High;Type-Defect	IPT localhost setup
992	closed	2015-05-08	2015-05-08	Type-Defect	IPT error
991	open	2015-05-08		Type-Enhancement;Metadata;Component-UI;MetadataEditor	Bibliography input tool
990	closed	2015-05-08	2015-05-08	Type-Defect	Lost terms 
989	closed	2015-05-08	2015-05-08	Type-Defect	Re-evaluate use of js for rendering home table
988	open	2015-05-08		Type-Enhancement;Priority-Medium;Usability;Metadata;Component-UI;MetadataEditor	Improve taxonomic coverage section: upload a list of names with rank
987	closed	2015-05-08	2015-05-08	Priority-Medium;Type-Defect;Usability;Component-UI	Sorting the list of organisation
986	closed	2015-05-08	2021-11-26	Type-Enhancement;Priority-Low	Allow a dataset to be registered as part of a network
985	closed	2015-05-08	2015-05-08	Priority-High;Type-Defect;Usability;Component-UI	Home table numbers sorting
984	closed	2015-05-08	2015-05-08	Type-Defect	Extension: Darwin Core Measurement Or Facts
983	closed	2015-05-08	2015-05-08	Priority-High;Type-Defect	Upgrade dependencies for 2.1 release 
982	closed	2015-05-08	2015-05-08	Type-Enhancement;Priority-Critical	"Support ""inventory"" request against an IPT-URL"
981	closed	2015-05-08	2022-01-20	Type-Enhancement;Priority-High	Add IPT installation ws password encryption
980	closed	2015-05-08	2015-05-08	Type-Defect;Priority-Critical;UserManual	Issue 938 is not resolved in IPT 2.0.5-r4398
979	closed	2015-05-08	2015-07-10	Type-Enhancement;Priority-Medium;UserManual	Add an optional field to specify a multi value delimiter for any field mapping
978	closed	2015-05-08	2015-05-08	Type-Enhancement;Priority-Critical;UserManual;GBIF-WP	Write field occurrenceID/taxonID in generated DwC-Archive 
977	closed	2015-05-08	2015-05-08	Type-Enhancement	Be able to trigger publication via authenticated HTTP request
976	closed	2015-05-08	2015-05-08	Type-Defect;Priority-Critical	Failure on auto-publication makes publication loop filling up resource tmp directory
975	closed	2015-05-08	2015-05-08	Type-Defect;Usability;Component-UI;Priority-Critical	Public resource table and manage resource table no longer appear
974	closed	2015-05-08	2015-05-08	Type-Enhancement	additional information should be visible in the  RTF document
973	closed	2015-05-08	2015-05-08	Type-Enhancement	"Nem metadata element ""Data use and norms"""
972	closed	2015-05-08	2015-05-08	Type-Enhancement;Priority-High;MetadataProfile	"New metadata element ""Dataset History"""
971	open	2015-05-08		Type-Enhancement;Component-Import	figure upload in IPT-metadata
970	closed	2015-05-08	2015-05-08	Priority-Medium;Type-Defect	IPT URL to resource alternative identifiers not updated following base URL change
969	closed	2015-05-08	2015-05-08	Type-Enhancement;Priority-Medium	Ensure Metadata Resource Homepage is a well-formed URI
968	closed	2015-05-08	2015-05-08	Type-Enhancement;Priority-Medium;Maintainability	Upgrade dependencies for 2.0.5 release
967	closed	2015-05-08	2015-05-08	Priority-High;Usability;Component-UI;Type-Patch	BaseURL missing in home page resource link
966	closed	2015-05-08	2015-05-08	Type-Enhancement;Priority-High;Usability;UserManual	Prevent managers (without registration rights) from re-publishing registered datasets
965	closed	2015-05-08	2015-05-08	Type-Enhancement;Priority-Medium;Component-UI;UserManual;Translation	Add help text to Citation element on Citation form of metadata editor
964	closed	2015-05-08	2015-05-08	Priority-Medium;Type-Defect	Resource citation missing in RTF
963	closed	2015-05-08	2015-05-08	Priority-Medium;Type-Other	IPT error
962	closed	2015-05-08	2015-05-08	Priority-High;Type-Defect	Zipped archives using a parent folder cannot be used for resource creation
961	closed	2015-05-08	2015-05-08	Type-Enhancement;Usability;Translation	Add translation for Brazilian Portuguese
960	closed	2015-05-08	2015-05-08	Priority-Medium;Type-Defect	IPT error
959	open	2015-05-08		Priority-High;Metadata;Component-UI;MetadataProfile;Type-NewFeature	Add multilingual support to metadata authoring
958	closed	2015-05-08	2015-05-08	Priority-High;Type-Defect	Investigate why DwC-A won't import
957	closed	2015-05-08	2015-05-08	Type-Defect;Priority-Critical	Critical! Geographic coverage is set to global coverage for all datasets on server restart
956	closed	2015-05-08	2015-05-08	Type-Enhancement;Priority-High;Usability;UserManual	Enable better management of large number of resources
955	closed	2015-05-08	2021-09-17	Type-Enhancement;Priority-Medium;Component-Import	On manage resource page, allow metadata to be populated via uploaded EML file
954	closed	2015-05-08	2015-05-08	Type-Enhancement;Priority-Medium;Component-Docs;UserManual	Add section to user manual: create a dataset by loading EML file
953	closed	2015-05-08	2015-05-08	Type-Enhancement;Priority-High;Usability;UserManual	Add selection of resource type to create resource form
952	closed	2015-05-08	2015-05-08	Type-Enhancement;Priority-Medium;Usability	Make it more clear that Excel files cannot be uploaded to the IPT
951	closed	2015-05-08	2015-05-08	Priority-Medium;Component-UI;Type-Patch	Patch for /trunk/gbif-ipt/src/main/webapp/WEB-INF/pages/inc/menu.ftl
950	closed	2015-05-08	2015-05-08	Priority-High;Type-Defect;UserManual	Failed/Cancelled publication publishes anyway
949	closed	2015-05-08	2015-05-08	Priority-High;Type-Defect;Usability	"""garbage"" in url possible"
948	closed	2015-05-08	2015-05-08	Type-Enhancement;Priority-Medium	Add help text to single date and date range forms on temporal coverage page
947	closed	2015-05-08	2015-05-08	Type-Enhancement;Priority-Medium;MetadataProfile	Extend temporal coverage: describe ongoing collection
946	closed	2015-05-08	2015-05-08	Type-Defect	DwC-A produced by IPT is not encapsulated in a directory/folder
945	closed	2015-05-08	2015-05-08	Type-Enhancement;Priority-Medium;Component-Docs;UserManual;Translation	"Clarify ""Date Range"" Temporal Coverage"
944	closed	2015-05-08	2015-05-08	Type-Defect	Typo in Occurrence Resource definition
943	closed	2015-05-08	2015-05-08	Type-Defect;Priority-Critical	Header row in multiple source file
942	closed	2015-05-08	2015-05-08	Type-Defect	Error when republishing resource
941	closed	2015-05-08	2015-05-08	Type-Enhancement	Plugin architecture
940	closed	2015-05-08	2015-05-08	Priority-High;Type-Defect	New served by relationship not created on resource migrations
939	closed	2015-05-08	2015-05-08	Type-Defect;Priority-Critical	UTF-8 encoding not used on resource updates
938	closed	2015-05-08	2015-05-08	Priority-Medium;Type-Defect	Silent limit to number of records with remote MySQL data source
937	closed	2015-05-08	2015-05-08	Type-Enhancement;Priority-Medium	"Compatibility between ""Species Distribution Extension"" and ""Darwin Core Occurrence"""
936	closed	2015-05-08	2015-05-08	Type-Enhancement;Priority-Medium	Additional rol to the EML Agent Role Vocabulary
935	closed	2015-05-08	2015-05-08	Type-Defect	Resource Relationship Extension invalid element (scientificName)
934	closed	2015-05-08	2015-05-08	Priority-Medium;Type-Defect	Minor styling bugs in 2.0.4
933	closed	2015-05-08	2022-07-06	Priority-Medium;Type-Defect;Component-Import	Uploading zip file not working
932	closed	2015-05-08	2015-05-08	Type-Defect;Priority-Critical	Resource logo not being uploaded
931	closed	2015-05-08	2015-05-08	Priority-High;Type-Defect	Error with proxy settings
930	closed	2015-05-08	2015-05-08	Priority-Medium;Type-Defect	Page not redering correctly on =< IE 8
929	closed	2015-05-08	2017-10-16	Won't-fix;Type-Enhancement;Priority-Medium;MetadataProfile	Add identifier type to alternate identifier field
928	closed	2015-05-08	2015-05-08	Type-Defect	IPT .eml creation does not update in downloadable version
927	closed	2015-05-08	2015-05-08	Priority-Medium;Type-Defect	The word Publishing in user interface
926	closed	2015-05-08	2015-05-08	Type-Enhancement	Taxonomic Rank GBIF Vocabulary
925	closed	2015-05-08	2016-10-12	Type-Enhancement;Priority-Medium;Translation	Translate Preservation Method GBIF Vocabulary
924	closed	2015-05-08	2015-05-08	Type-Enhancement;Priority-Medium;Translation	Upgrade struts2 dependency to version 2.3.5 when it becomes available
923	closed	2015-05-08	2015-05-08	Type-Enhancement;Priority-Medium;Component-Docs;UserManual	Map some terms to default values derived from resource metadata 
922	closed	2015-05-08	2015-05-08	Type-Enhancement	Spanish translations missing when the local laguage is selected (ES)
921	closed	2015-05-08	2015-05-08	Type-Enhancement;Priority-High;Usability;Component-Import;UserManual	Automated Publishing
920	closed	2015-05-08	2015-05-08	Type-Defect;Priority-Critical	Can still delete organization from IPT, even though the IPT is registered against this organization
919	closed	2015-05-08	2015-05-08	Priority-Low;Type-Defect;Component-UI	Empty step description still displayed on public resource page 
918	closed	2015-05-08	2015-05-08	Type-Enhancement;Priority-Medium;Component-UI	Simplify display of associated parties on public resource page
917	closed	2015-05-08	2015-05-08	Type-Defect	Add new property for displaying new eml version has been published
916	closed	2015-05-08	2015-05-08	Priority-Low;Type-Defect	Add new property for displaying new eml version has been published
915	closed	2015-05-08	2015-05-08	Priority-High;Type-Defect	Updating GBRDS institution name doesn't cascade to the IPT
914	closed	2015-05-08	2015-05-08	Type-Defect	Automate the nativeToAscii for the Traditional Chinese language
913	closed	2015-05-08	2015-05-08	Type-Other	Updating registration of vocabularies results in startup warning
912	closed	2015-05-08	2015-05-08	Type-Defect;Component-Persistence	Problem with large amount of data in PostgreSQL-DB
911	closed	2015-05-08	2015-05-08	Type-Defect;Component-UI	Separate property needed for portal.resource.published.eml
910	closed	2015-05-08	2015-05-08	Type-Enhancement	Export DwC-A with non DwC fields
909	closed	2015-05-08	2015-05-08	Priority-High;Type-Defect	Update IPT to publish using latest gbif metadata profile: 1.0.2
908	closed	2015-05-08	2015-05-08	Type-Enhancement;Priority-High;Performance	Remove blocker violations existing since 2.0.3
907	closed	2015-05-08	2015-05-08	Priority-High;Type-Defect	Delete resource button doesn't ask for confirmation when IPT is in French or Chinese Locale
906	closed	2015-05-08	2015-05-08	Priority-High;Type-Defect;Usability	Core type selections disappear even after core type mapping is abandoned
905	closed	2015-05-08	2015-05-08	Priority-High;Type-Defect	Empty string saved for taxonRankValue element 
904	closed	2015-05-08	2015-05-08	Type-Defect;Usability;Priority-Critical	Importing archive with an empty extension source file causes errors
903	closed	2015-05-08	2015-05-08	Type-Enhancement;Priority-High	Improve property admin.registration.intro
902	closed	2015-05-08	2015-05-08	Type-Enhancement;Priority-Critical	Use GBIF commons api's DatasetType
901	closed	2015-05-08	2015-05-08	Type-Other	ApplicationResources_fr.properties is considered as a binary file
900	closed	2015-05-08	2015-05-08	Type-Enhancement;Priority-Medium;Component-UI	Better highlight which metadata fields are required
899	closed	2015-05-08	2015-05-08	Type-Enhancement;Priority-Medium;UserManual	Add information to Collection Data section
898	closed	2015-05-08	2015-05-08	Type-Other;Priority-Critical	Upgrade dependencies for 2.0.4 release
897	closed	2015-05-08	2015-05-08	Priority-Medium;Type-Defect;Usability;Component-Import	Upload gzip file containing UTF8 CSV file fails
896	closed	2015-05-08	2016-10-12	Won't-fix;Type-Defect;Registry	When migrated to new registry WS, include additional information on resource create/update
895	closed	2015-05-08	2015-05-08	Priority-High;Type-Other	update dwca-reader dependency to 1.11
894	closed	2015-05-08	2015-05-08	Type-Defect;Priority-Critical	Deleting source deletes mapping, but doesn't delete associated translations leading to possible NPE
893	closed	2015-05-08	2015-05-08	Type-Enhancement;UserManual	Add information about icon on translation page
892	closed	2015-05-08	2025-09-15	Usability;Component-UI;Translation;Type-NewFeature	Show translated names of the elements of DwC and the extensions
891	closed	2015-05-08	2015-05-08	Priority-High;Type-Defect	OccurrenceID or TaxonID not included in extension file of DwC-A
890	closed	2015-05-08	2015-05-08	Type-Defect	Freemarker bug in extension.ftl
889	closed	2015-05-08	2015-05-08	Type-Enhancement	Better navigation for editing a resource
888	closed	2015-05-08	2015-05-08	Priority-Low;Type-Defect	HTML title for additional metadata incorrect
887	closed	2015-05-08	2015-05-08	Type-Patch	Patch for /wiki/es/IPT2ManualNotes.wiki
886	closed	2015-05-08	2015-05-08	Type-Defect	IPT-2.0.3 can't login - get HTTP Status 500 - Unable to set the last modification time for /usr/datadir/config/users.xml 
885	closed	2015-05-08	2015-05-08	Type-Enhancement;Priority-Low	property [manage.mapping.filter.text] suggestion
884	closed	2015-05-08	2015-05-08	Type-Enhancement;Priority-Low	property [admin.registration.validate.failed.development] suggestion
883	closed	2015-05-08	2015-05-08	Type-Enhancement;Priority-Low	property [admin.registration.error.alreadyRegistered1] suggestion
882	closed	2015-05-08	2015-05-08	Type-Enhancement;Priority-Low	property [admin.organisation.deleted.notempty] suggestion
881	closed	2015-05-08	2015-05-08	Priority-High;Type-Defect	Service with deprecated service type registered
880	closed	2015-05-08	2015-05-08	Priority-Medium;Type-Defect	Basic Metadata phone field does not allow non-numeric characters
879	closed	2015-05-08	2015-05-08	Type-Enhancement	A feature to allow using other site-wide CSS without the need to touch freemarker template
878	closed	2015-05-08	2015-05-08	Type-Defect;Priority-Critical	Minor styling bugs or enhancements following styling and template refactor (r3736)
877	closed	2015-05-08	2015-05-08	Type-Enhancement;Priority-High	Ensure IPT can be hosted using https protocol
876	closed	2015-05-08	2015-05-08	Type-Defect;Priority-Critical	Broken tooltip in the title link that redirect to resource overview.
875	closed	2015-05-08	2015-05-08	Priority-Medium;Type-Defect	info image and update metadata button don't level with text.
874	closed	2015-05-08	2015-05-08	Type-Defect;Priority-Critical	Registered metadata-only resource updates not pushed to Registry on publish
873	closed	2015-05-08	2015-06-25	Type-Enhancement;Usability;Component-UI	[usability] sticky menu on the resource
872	closed	2015-05-08	2015-05-08	Type-Enhancement;Priority-Medium;UserManual	UserManual available in other languages
871	open	2015-05-08		Type-Enhancement;Component-UI	 Setting up proxy with authentication
870	closed	2015-05-08	2015-05-08	Type-Enhancement;Priority-Medium	better search engine optimization
869	closed	2015-05-08	2015-05-08	Priority-High;Type-Defect	Publishing Error with Oracle Database Connection
868	closed	2015-05-08	2015-05-08	Priority-Low;Type-Defect	Tidying up IPT HTML shows unclosed tags and lacking of doctype declaration
867	closed	2015-05-08	2015-05-08	Priority-Medium;Component-UI;Type-Patch	Patch for /trunk/gbif-ipt/src/main/webapp/styles/main.css
866	closed	2015-05-08	2015-05-08	Priority-Medium;Component-UI;Type-Patch	Patch for /trunk/gbif-ipt/src/main/webapp/WEB-INF/pages/manage/home.ftl
865	closed	2015-05-08	2015-05-08	Priority-Medium;Component-UI;Type-Patch	Patch for /trunk/gbif-ipt/src/main/webapp/WEB-INF/pages/portal/home.ftl
864	closed	2015-05-08	2015-05-08	Type-Defect;Priority-Critical	Translation does not save all values
863	closed	2015-05-08	2015-06-25	Priority-Medium;Type-Defect;Usability;Component-UI	Inconsistent display of empty fields on mapping page
862	closed	2015-05-08	2015-05-08	Type-Enhancement;Priority-Low	Add a choice under 'Specimen preservation method'
861	closed	2015-05-08	2022-08-10	Type-Enhancement;Priority-Low	Value translation: replace with empty content
860	closed	2015-05-08	2015-05-08	Type-Defect	Need confirmation: are cells with whitespace ignored?
859	closed	2015-05-08	2015-05-08	Type-Other	georeferencedDate term is not showing in Darwin Core Occurrence Mappings
858	closed	2015-05-08	2015-05-08	Type-Defect;Priority-Critical	occurrenceID in extension not automapped as relation to core
857	closed	2015-05-08	2015-05-08	Type-Enhancement;Priority-High;UserManual;Translation	Allow uploading of native excel files as source data
856	closed	2015-05-08	2015-05-08	Priority-Low;Type-Defect	All content on resource overview page is displayed as one word per line in html source
855	closed	2015-05-08	2015-05-08	Priority-Medium;Type-Defect	Dozens of unclosed table tags in resource overview page
854	closed	2015-05-08	2015-05-08	Priority-Low;Type-Other	Purpose of packageId in EML?
853	closed	2015-05-08	2021-04-28	Type-NewFeature	"allow ""live"" link to single record"
852	closed	2015-05-08	2015-05-08	Priority-Low;Type-Defect	No confirmation of successful DwC-A generation in Internet Explorer
851	closed	2015-05-08	2015-05-08	Type-Enhancement;Priority-Medium;Component-Docs	Feature request : embark Xalan jar for easier deployment
850	closed	2015-05-08	2015-06-11	bug;Priority-High;Type-Defect	Safeguard against invalid vocabularies geting saved to .vocabularies
849	closed	2015-05-08	2015-05-08	Type-Enhancement;Usability;Component-UI;Priority-Critical;UserManual	A step page for explaining and choosing production mode of IPT
848	closed	2015-05-08	2015-05-08	Priority-Medium;Usability;Component-UI;Type-Patch	Patch for /trunk/gbif-ipt/src/main/webapp/WEB-INF/pages/manage/overview.ftl
847	closed	2015-05-08	2015-05-08	Type-Other	Trouble Germplasm Accession (0.1) extension
846	closed	2015-05-08	2015-05-08	Type-Other	missing literature references extension from mapping menu in IPT
845	closed	2015-05-08	2015-05-08	Type-Defect	All space-characters in metadata are replaced to plus-characte
844	closed	2015-05-08	2015-05-08	Type-Enhancement;Priority-Medium	Allow resource creation via ipt-resource-folder upload
843	closed	2015-05-08	2015-05-08	Type-Enhancement;Priority-High;UserManual	Enable dataset migration to IPT by assigning a dataset an existing Registry UUID
842	closed	2015-05-08	2015-05-08	Type-Defect	couldn't load registered extension: null (in production mode)
841	closed	2015-05-08	2015-05-08	Priority-Medium;Type-Defect	RSS feed not updated in RSS readers
840	closed	2015-05-08	2015-05-08	Type-Other	Update registration of IPT = Bad registry response
839	closed	2015-05-08	2016-10-27	bug;Won't-fix;Priority-Medium;Type-Defect	IPT does not seem to auto map non dwc terms
838	closed	2015-05-08	2015-05-08	Priority-Medium;Type-Defect;Component-UI	"Styling issue with ""Copy details from contact"""
837	closed	2015-05-08	2015-05-08	Priority-Low;Type-Defect	Serious CSS styling issue with DwC mapping page in all versions of Internet Explorer
836	closed	2015-05-08	2015-05-08	Type-Enhancement;Priority-Medium	Populate keyword section of EML with DatasetType and DatasetSubtype
835	closed	2015-05-08	2015-05-08	Type-Enhancement;Priority-Critical	Use GBIF common api's DatasetSubtype
834	closed	2015-05-08	2015-05-08	Priority-High;Type-Defect	EML publication date not updated during publication.
833	closed	2015-05-08	2015-05-08	Type-Defect;Priority-Critical	Alternative identifiers are not created during publication.
832	closed	2015-05-08	2015-05-08	Type-Enhancement;Priority-High;Component-UI;Component-Docs;UserManual	Metadata: Collection data section not clear.
831	closed	2015-05-08	2015-05-08	Type-Enhancement;Priority-Low;Component-Docs	n/a or not applicable for keyword thesaurus?
830	closed	2015-05-08	2015-05-08	Type-Enhancement;Priority-Low;Component-Docs	Typo in metadata documentation
829	closed	2015-05-08	2015-05-08	Type-Enhancement;Priority-High;Component-UI	Add context help in UI to make importance of root table selection clearer
828	closed	2015-05-08	2015-05-08	Type-Defect;Priority-Critical	NPE in RTF generator when publishing resource
827	closed	2015-05-08	2016-10-12	Won't-fix;Type-Enhancement	Send user auto-email on password reset
826	closed	2015-05-08	2015-05-08	Type-Defect;Priority-Critical	problem migrating checklist resources from v. 2.0.2 to 2.0.3
825	closed	2015-05-08	2015-05-08	Type-Enhancement;Priority-Low	Include additional information on resource create/update
824	closed	2015-05-08	2015-05-08	Priority-High;Type-Defect	Freemarker bug in resource.ftl
823	closed	2015-05-08	2015-05-08	Type-Enhancement;Priority-Low	More precise English messages
822	closed	2015-05-08	2015-05-08	Priority-High;Type-Defect	Problems with version 2.0.3's translations for Spanish and French
821	closed	2015-05-08	2015-05-08	Type-Enhancement;Priority-High	Missing properties in Traditional Chinese translation
820	closed	2015-05-08	2015-05-08	Priority-High;Type-Defect	External link: required fields not required
819	closed	2015-05-08	2015-05-08	Type-Defect	Select statement does not return any row
818	closed	2015-05-08	2021-06-22	Type-Enhancement;Component-Import	Download source file
817	closed	2015-05-08	2015-05-08	Type-Defect;Usability;Priority-Critical;UserManual	IPT behind Apache with mod_proxy_ajp
816	closed	2015-05-08	2015-05-08	Type-Defect	All sampling methods fields required
815	closed	2015-05-08	2015-05-08	Type-Defect	7 non-official values for dcterms:type
814	closed	2015-05-08	2015-05-08	Type-Defect	"""Event"" missing as basic of record"
813	closed	2015-05-08	2015-05-08	Priority-High;Type-Patch	Patch for /trunk/gbif-ipt/src/main/webapp/WEB-INF/pages/portal/resource.ftl
812	closed	2015-05-08	2015-05-08	Type-Enhancement;Priority-High;Component-UI	Dataset download metrics are not recorded
811	closed	2015-05-08	2015-05-08	Type-Enhancement;Priority-High;UserManual	Better logs or dwca-backups
810	closed	2015-05-08	2015-05-08	Priority-Medium;Type-Patch	Patch for /trunk/gbif-ipt/src/main/webapp/WEB-INF/pages/portal/resource.ftl
809	closed	2015-05-08	2015-05-08	Type-Enhancement;Priority-Medium	Overly complex styling for info button on h2 titles
808	closed	2015-05-08	2015-05-08	Priority-Medium;Type-Defect	Remove styling from mapping.ftl
807	closed	2015-05-08	2015-05-08	Type-Defect	IPT (built using 'release' profile) cannot be configured to run in development mode with localhost base URL
806	closed	2015-05-08	2015-05-08	Type-Defect	IOException received during publishing
805	closed	2015-05-08	2015-05-08	Type-Defect	Ensure user cannot save empty taxonomic coverage element in EML
804	closed	2015-05-08	2015-05-08	Type-Defect	Ensure EML is published using GBIF EML Schema version 1.0.1
803	closed	2015-05-08	2015-05-08	Type-Defect	Ensure user cannot save empty geographic coverage page
802	closed	2015-05-08	2015-05-08	Type-Defect	Ensure methodStep is required field on Sampling Methods section
801	closed	2015-05-08	2015-05-08	Type-Enhancement	Show blue help icons on Sampling methods page for each field
800	closed	2015-05-08	2015-05-08	Type-Defect;Priority-Critical	RTF authors still determines address numbers wrong
799	closed	2015-05-08	2016-10-12	Won't-fix;Type-Enhancement;Priority-Low	Encode properties files using UTF-8, not ISO-8859-1 (for future translations into traditional Chinese for ex)
798	closed	2015-05-08	2015-05-08	Type-Enhancement;Usability;Component-UI;Priority-Critical	Show that the IPT is running in Sandbox mode top or bottom of page
797	closed	2015-05-08	2015-05-08	Priority-High;Type-Defect;UserManual	confirming successful retrieval of drop-down list values
796	closed	2015-05-08	2015-06-11	Type-Enhancement;Priority-High	Versionable extensions
795	closed	2015-05-08	2015-05-08	Type-Other	Java error deploying the IPT
794	closed	2015-05-08	2015-05-08	Type-Defect	Java error deploying the IPT
793	closed	2015-05-08	2015-05-08	Type-Defect;Priority-Critical	Fatal error appears green with checkmark
792	closed	2015-05-08	2015-05-08	Type-Enhancement;Priority-High;Component-UI;UserManual;MetadataProfile;MetadataEditor	Metadata field : static / dynamic resource
791	closed	2015-05-08	2022-07-06	Type-Enhancement;Priority-High;Usability;Component-UI;Maintainability;Component-Persistence;UserManual;Translation	Administration notes
790	closed	2015-05-08	2021-08-23	Type-Enhancement;Priority-Medium;Component-Import	Source file via URL
789	closed	2015-05-08	2015-05-08	Priority-High;Type-Defect	IPT required LIMIT for database connections excludes any working JDBC connection
788	closed	2015-05-08	2021-06-22	Type-Enhancement;Priority-Medium;Component-Import	FileMaker JDBC connection (including the code to implement it)
787	closed	2015-05-08	2015-05-08	Type-Defect;Priority-Critical	Resource.xml broken in 2.0.3? NullPointerException encountered during publishing
786	closed	2015-05-08	2015-05-08	Priority-Medium;Type-Defect;Component-UI	Different styling/font used for blue help info on taxonomic coverage
785	closed	2015-05-08	2015-05-08	Priority-High;Type-Defect;Component-UI	Blue help icons don't work on associate parties page when there are multiple associate parties
784	closed	2015-05-08	2015-05-08	Type-Defect	  Couldn't install requested extension http://rs.gbif.org/sandbox/extension/germplasm_0.1.xml.     Error installing extension http://rs.gbif.org/sandbox/extension/germplasm_0.1.xml
783	closed	2015-05-08	2015-05-08	Type-Defect	NullPointerException encountered
782	closed	2015-05-08	2015-05-08	Type-Enhancement;Priority-Medium;Usability;Component-UI;UserManual;Translation	Preview of the data after it is mapped to Darwin Core and extensions
781	closed	2015-05-08	2015-05-08	Type-Enhancement;Priority-Medium;Usability	Work flow when creating new resource, add dataset, map dataset, provide metadata?
780	closed	2015-05-08	2015-05-08	Type-Enhancement;Priority-Medium;Translation	Translate GBIF vocabularies
779	closed	2015-05-08	2016-10-12	Type-Enhancement;Priority-Medium;Translation	Translate country vocabulary
778	closed	2015-05-08	2016-10-12	Type-Enhancement;Priority-Medium;Translation	Translate basis of record vocbulary
777	closed	2015-05-08	2016-10-12	Type-Enhancement;Priority-Medium;Translation	Translate language vocabulary
776	closed	2015-05-08	2015-05-08	Type-Defect;Component-UI;UserManual	Modify language when talking about the ability to host a resource
775	closed	2015-05-08	2015-05-08	Type-Defect;Priority-Critical	column mapping showing wrong available columns
774	closed	2015-05-08	2015-05-08	Priority-High;Type-Defect	Default mapping of a term to a vocabulary gets deleted when vocabulary gets updated
773	closed	2015-05-08	2015-05-08	Type-Other;Priority-Critical	Prepare the IPT for release of version 2.0.3
772	closed	2015-05-08	2015-05-08	Type-Enhancement	Check core occurrence mapping for whether the GBIF holy triplet is complete
771	closed	2015-05-08	2015-05-08	Type-Enhancement;Priority-High;UserManual	Some improvements to Source Data section
770	closed	2015-05-08	2015-05-08	Priority-Medium;Type-Defect;Component-UI	Meaningless validation messages given on Other Keywords metadata page
769	closed	2015-05-08	2015-05-08	Priority-Low;Type-Defect;Component-UI	Compatibility with IE7
768	closed	2015-05-08	2015-05-08	Priority-Medium;Type-Defect	Uploading new source does not update file statistics
767	closed	2015-05-08	2015-05-08	Priority-High;Type-Defect	Order of columns in generated DwC-A changes between versions
766	closed	2015-05-08	2015-05-08	Type-Enhancement;Priority-High;Component-Docs;UserManual	Ambiguity of the terms Resource Contact, Resource Creator and Metadata Provider in the IPT2ManualNotes
765	closed	2015-05-08	2015-05-08	Type-Enhancement;Priority-High;UserManual	Clarify what the Update Metadata button does on Admin page
764	closed	2015-05-08	2015-05-08	Type-Enhancement;Priority-Medium;UserManual	Remove Update Registration button from resource page
763	closed	2015-05-08	2015-05-08	Priority-High;Type-Defect;UserManual	RSS feed and Last Modified date should be updated every time a resource gets updated
762	closed	2015-05-08	2015-05-08	Type-Enhancement	Should e-mails to GBIF be internationalized ?
761	closed	2015-05-08	2015-05-08	Type-Enhancement;Priority-Medium	"Possible improvements - inconsistencies in ""update strings"""
760	closed	2015-05-08	2015-05-08	Priority-High;Type-Defect;UserManual	Lat/long decimals using comma (in Geographic Coverage section) causes error on save
759	closed	2015-05-08	2015-05-08	Type-Enhancement;Priority-High	Support switch from test installation to production
758	closed	2015-05-08	2015-05-08	Priority-High;Type-Defect	ArrayIndexOutOfBoundsException encountered
757	closed	2015-05-08	2015-05-08	Type-Enhancement;Priority-Medium	Upgrade dependencies
756	closed	2015-05-08	2015-05-08	Priority-High;Type-Defect	Problem with url constructed when changing languages 
755	closed	2015-05-08	2015-05-08	Type-Enhancement;Priority-High;Component-UI;UserManual	User written summary of changes before publication
754	closed	2015-05-08	2017-10-16	Won't-fix;Type-Enhancement;Priority-Low	Use ?lang variable instead of ?request_locale
753	closed	2015-05-08	2015-05-08	Priority-Medium;Type-Defect	Change primary contact set during resource registration and include other contacts in registration also
752	closed	2015-05-08	2015-05-08	Type-Enhancement;Priority-Medium	Resource subTypes in a new Vocabulary
751	closed	2015-05-08	2015-05-08	Type-Defect	column id is missing and data.xml is showing wrong index value
750	closed	2015-05-08	2015-05-08	Type-Defect	oreID
749	closed	2015-05-08	2015-05-08	Type-Enhancement;Priority-Medium;UserManual	Make IPT metadata editable and ensure IPT Registration is updated
748	closed	2015-05-08	2015-05-08	Priority-Low;Type-Patch	Patch for /trunk/gbif-ipt/src/main/webapp/styles/main.css
747	closed	2015-05-08	2015-05-08	Priority-Low;Type-Defect;UserManual	"""other keywords"" section has titled ""keyword set"""
746	closed	2015-05-08	2015-05-08	Priority-Medium;Type-Defect;UserManual	"The ""coverages"" in the right pane should be single, as ""coverage"" "
745	open	2015-05-08		bug;Priority-High;Type-Defect;Component-Import	Use of the Date Format on the Source Data page?
744	closed	2015-05-08	2017-10-16	Won't-fix;Type-Enhancement	FreeMarker variable for currentPage
743	closed	2015-05-08	2015-05-08	Priority-Low;Type-Defect	Better styling for Taxonomic coverage
742	closed	2015-05-08	2015-05-08	Priority-Low;Type-Patch	Patch for /trunk/gbif-ipt/src/main/webapp/WEB-INF/pages/portal/resource.ftl
741	closed	2015-05-08	2015-05-08	Priority-Medium;Type-Defect;UserManual	Taxonomic / Geographic coverage repeated in resource overview
740	closed	2015-05-08	2015-05-08	Type-Enhancement;Priority-High	Support conditional gets for archive files
739	closed	2015-05-08	2015-05-08	Priority-Low;Type-Defect	Move <style> sections to the CSS
738	closed	2015-05-08	2015-05-08	Priority-Low;Type-Patch	Patch for /trunk/gbif-ipt/src/main/webapp/WEB-INF/pages/portal/resource.ftl
737	closed	2015-05-08	2015-05-08	Priority-Low;Type-Defect	CSS - Remove background-color: white; for div.details td
736	closed	2015-05-08	2015-05-08	Priority-Low;Type-Defect	CSS - Increase padding for div.title
735	closed	2015-05-08	2015-05-08	Type-Enhancement	ID tables in ftl for customization
734	closed	2015-05-08	2015-05-08	Type-Enhancement	Update an existing resource by uploading an updated DwC-A
733	closed	2015-05-08	2015-05-08	Type-Enhancement	Add checkbox to add header row for generated dwca data files
732	closed	2015-05-08	2015-05-08	Type-Enhancement;Priority-Medium	Allow to reference a vocabulary source for a given mapped concept
731	closed	2015-05-08	2015-05-08	Type-Enhancement	Add column headers by default in generated DwC-A
730	closed	2015-05-08	2015-05-08	Type-Enhancement	Include default values in DwC-A
729	closed	2015-05-08	2015-05-08	Type-Enhancement;Component-UI;UserManual	Using language name instead of national flags to provide language options
728	closed	2015-05-08	2015-05-08		To discuss what values we should provide in the resource subtype drop-down value
727	closed	2015-05-08	2015-05-08	Type-Enhancement;Priority-High	RTF changes needed
726	closed	2015-05-08	2015-05-08	Type-Enhancement;Priority-Medium;UserManual	to look for the resource managed by a particular user
725	closed	2015-05-08	2015-05-08	Type-Enhancement;Component-UI;UserManual	"The ""filter"" section doesn't stand out so some people think it's a regular column."
724	closed	2015-05-08	2015-05-08	Priority-Low;Type-Defect	Help tips in field mapping page does not show text properly in IE8
723	closed	2015-05-08	2015-05-08	Type-Enhancement;Priority-Medium	Show full descriptions in metadata detail page
722	closed	2015-05-08	2015-05-08	Priority-Medium;Type-Defect;UserManual	Zipcode is not shown in the metadata overview
721	closed	2015-05-08	2015-05-08	Priority-High;Type-Defect	CSS .horizontal_dotted_line_large_foo has a fixed width
720	closed	2015-05-08	2015-05-08	Priority-Medium;Type-Defect;UserManual	FIltering and Translation
719	closed	2015-05-08	2015-05-08	Priority-High;Type-Defect	Translate addition button nonfunctional in Mozilla firefox 4.0.1 in linux
718	closed	2015-05-08	2016-10-31	Type-Enhancement;Usability	Improve import of existing DwcA when uninstalled extension
717	closed	2015-05-08	2015-05-08	Type-Enhancement;Priority-Low	"Make warning less ""alarming"""
716	closed	2015-05-08	2015-05-08	Type-Enhancement;Priority-Medium;UserManual	Email template for adding an associated organization
715	closed	2015-05-08	2015-05-08	Priority-High;Type-Defect	"""Update metadata"" doesn't update IPT url in GBRDS"
714	closed	2015-05-08	2015-05-08	Type-Enhancement;Priority-Low	Transform URLs from metadata to links
713	closed	2015-05-08	2015-05-08	Type-Enhancement;Priority-Low;Usability;UserManual	"Confusing navigation: rename ""cancel"" to ""back"""
712	closed	2015-05-08	2015-05-08	Type-Defect	Mapped occurrenceID shown as unmapped
711	closed	2015-05-08	2015-05-08	Priority-High;Type-Defect	Should the RTF file be internationalized ?
710	closed	2015-05-08	2022-07-06	bug;Type-Defect	Value Translation limited to 10,000 records
709	closed	2015-05-08	2015-05-08	Type-Defect;Priority-Critical	Sampling methods information missing in RTF
708	closed	2015-05-08	2015-05-08	Type-Enhancement;Priority-High	Truncated information on the resource page
707	closed	2015-05-08	2015-05-08	Priority-Low;Type-Defect;UserManual	"Change label for ""abstract"" EML element"
706	closed	2015-05-08	2015-05-08	Type-Enhancement;Priority-Medium;UserManual	No language selection during the setup process
705	closed	2015-05-08	2015-05-08	Type-Defect;Priority-Critical;UserManual	Resource type metadata unrelated to core mapping
704	closed	2015-05-08	2015-05-08	Type-Enhancement	For data files without header columns allow adding new column names
703	closed	2015-05-08	2015-05-08	Priority-Medium;Type-Defect	Some remarks encountered during translating the IPT to French
702	closed	2015-05-08	2015-05-08	Type-Enhancement;Priority-Critical;UserManual	Add validation for the proxy field in the setup page
701	closed	2015-05-08	2015-05-08	Priority-Medium;Type-Defect;UserManual	Improper curser dragging in the geographic coverage creates illogical result.
700	closed	2015-05-08	2015-05-08	Type-Defect;Priority-Critical	The external link: homepage field leads to IPT itself
699	closed	2015-05-08	2015-05-08	Priority-High;Type-Defect	"BaseURL detection uses machine name thus prevents ""production checkbox"" from being clickable"
698	closed	2015-05-08	2015-05-08	Type-Enhancement;Priority-Medium;UserManual	"swap the ""publish"" and ""register"" section in the resource overview page"
697	closed	2015-05-08	2015-05-08	Type-Enhancement;Priority-Medium	"Add ""purpose"" to RTF"
696	closed	2015-05-08	2015-05-08	Priority-Medium;Type-Defect	Reference missing in RTF
695	closed	2015-05-08	2015-05-08	Type-Defect;Priority-Critical	Missing and double authors in RTF file
694	closed	2015-05-08	2015-05-08	Priority-Medium;Type-Defect	error 500 (due to date issue) while mapping
693	closed	2015-05-08	2016-10-12	Won't-fix;Type-Enhancement;Priority-Medium	IPT connection to Google Fusion Tables
692	closed	2015-05-08	2015-05-08	Priority-Medium;Type-Defect	Error 31
691	closed	2015-05-08	2015-05-08	Type-Defect;Usability;Priority-Critical;Component-Persistence	RTF link throws exception
690	closed	2015-05-08	2015-05-08	Priority-High;Type-Defect	freemarker.core.InvalidReferenceException on resource creation
689	closed	2015-05-08	2015-05-08	Type-Enhancement;Priority-Low	Internationalisation for RTF
688	closed	2015-05-08	2015-05-08	Type-Enhancement;Priority-Low;UserManual	Add size information for downloadable links.
687	open	2015-05-08		Type-Enhancement;Priority-High;Priority-Medium;Component-Logic;UserManual	Handling expired accounts needs to be improved
686	closed	2015-05-08	2015-05-08	Type-Enhancement;Priority-Critical	add unit tests for Eml2Rtf
685	closed	2015-05-08	2015-05-08	Priority-High;Type-Defect	Private Resources must not be accesibles
684	closed	2015-05-08	2015-05-08	Type-Defect;Component-Docs	Create Implementation-specific IPTServerPreparation wiki page
683	closed	2015-05-08	2015-05-08	Priority-Low;Type-Defect	In dev mode, Base URL doesn't allow machine name pointing to 127.0.0.1
682	closed	2015-05-08	2015-05-08	Type-Defect	GBIF registration link for resource links to gbrdsdev, not gbrds
681	closed	2015-05-08	2015-05-08	Type-Enhancement	Show a visible warning in the UI when there's a datasource problem
680	closed	2015-05-08	2015-05-08	Type-Enhancement;Priority-High	Automatically drop semicolon from sql query to avoid breaking query
679	closed	2015-05-08	2015-05-08	Type-Enhancement;Priority-Medium	"""impossible link"" between Species Distribution extension and Taxon Core (datasource-extension link issue?)"
678	closed	2015-05-08	2015-05-08	Priority-Medium;Type-Defect	"Small error in ""not mapped"" column list"
677	closed	2015-05-08	2015-05-08	Type-Enhancement;Priority-Critical;UserManual	Add drop down for metadata field Intellectual Rights 
676	closed	2015-05-08	2015-05-08	Priority-Low;Type-Defect	Resource Homepage is not set during resource registration
675	closed	2015-05-08	2015-05-08	Type-Defect;Registry	Not all resource contacts get registered
674	closed	2015-05-08	2015-05-08	Type-Defect	Metadata and resource language don't save.
673	closed	2015-05-08	2015-05-08	Priority-Medium;Type-Defect	Small defect in list of roles
672	closed	2015-05-08	2015-05-08	Priority-Low;Type-Defect	EML form validation too strict for taxonRankName
671	closed	2015-05-08	2015-05-08	Type-Defect;Priority-Critical	FileNotFoundException: admin.log and debug.log (Permission denied) on IPT startup
670	closed	2015-05-08	2015-05-08	Type-Defect;Priority-Critical	setup interceptor fails
669	closed	2015-05-08	2015-05-08	Type-Defect	IPT's password commented out
668	closed	2015-05-08	2015-05-08	Type-Defect	When uploading an EML.xml for a metadata resource, not all information are taken by IPT, including some mandatory elements.
667	open	2015-05-08		Type-Enhancement;Priority-Medium;Component-Publication	Explicitly set vocabularies in meta.xml are not preserved by the IPT
666	closed	2015-05-08	2015-05-08	Type-Defect;Priority-Critical	Update vocabularies button does not update extensions
665	closed	2015-05-08	2015-05-08	Type-Defect	File sizes incorrectly reported
664	closed	2015-05-08	2015-05-08	Type-Defect	Failed processing archives containing some empty TXT files
663	closed	2015-05-08	2015-05-08	Priority-Medium;Type-Defect	"Inconsistent reference to ""main"" administrator"
662	closed	2015-05-08	2016-10-12	Won't-fix;Type-Enhancement	Add ability to update a resource from an archive
661	closed	2015-05-08	2015-05-08	Priority-High;Type-Defect	Problem while importing existed metadata file
660	closed	2015-05-08	2015-05-08	Type-Defect	"Mapping problem of ""HigherTaxon"""
659	closed	2015-05-08	2015-05-08	Type-Enhancement;Priority-High	jquery libraries loaded from ajax.googleapis.com should be stored locally, vs being loaded over http with each new page load
658	closed	2015-05-08	2015-05-08	Priority-High;Type-Other;UserManual	Defect/Enhancement
657	closed	2015-05-08	2015-05-08	Type-Enhancement	"To make the ""adding SQL views feature"" easier to spot"
656	closed	2015-05-08	2015-05-08	Type-Enhancement;Priority-Medium	To display column names while editing mapping of resources imported from DwC-A.
655	closed	2015-05-08	2015-05-08	Type-Enhancement;UserManual	User Interface enhancement
654	closed	2015-05-08	2015-05-08	Type-Defect;Priority-Critical	Setting data directory path
653	closed	2015-05-08	2015-05-08	Priority-High;Type-Defect	failed to load on Java 5
652	closed	2015-05-08	2015-05-08	Type-Defect;Priority-Critical;UserManual;Tutorial	Home page table should be sortable
651	closed	2015-05-08	2015-05-08	Type-Defect	"saving in ""Sampling Methods"" page produces invalid EML elements"
650	closed	2015-05-08	2015-05-08	Type-Enhancement;Priority-Medium;Component-Docs;UserManual	Data directory disappears on system restart
649	closed	2015-05-08	2015-05-08	Type-Enhancement;Priority-Medium;UserManual;Tutorial	Add RTF reporting to report (visible on manage resource page and publish status page)
648	closed	2015-05-08	2015-05-08	Priority-Medium;Type-Defect	Problems with update registration: extra service registered and service(s) not properly deleted
647	closed	2015-05-08	2015-05-08	Type-Enhancement;Priority-Low;UserManual	Tiny UI improvement (data source)
646	closed	2015-05-08	2015-05-08	Priority-Critical;UserManual;Tutorial	Link to the GBIF data publishing agreement during registration
645	closed	2015-05-08	2015-05-08	Priority-Medium;Type-Defect	"IPT (Production) registrations against gbrds aren't assigned type ""IPT"""
644	closed	2015-05-08	2015-05-08	Type-Enhancement;Priority-Critical;UserManual;Tutorial	Make Manage Resources page sortable by various columns
643	closed	2015-05-08	2015-05-08	Type-Enhancement;UserManual;Tutorial	"Display visibility ""registered"" on Manage Resources page"
642	closed	2015-05-08	2015-05-08	Priority-High;Type-Defect	Production IPT's links on resource page use gbrdsdev instead of gbrds
641	closed	2015-05-08	2015-05-08	Type-Defect;UserManual;Tutorial	resourceLogoUrl field missing from additional metadata page
640	closed	2015-05-08	2015-05-08	Type-Defect;Priority-Critical	eml published with empty citation renders it invalid
639	closed	2015-05-08	2015-05-08	Priority-High;Type-Defect	freemarker error following import without language element in eml file
638	closed	2015-05-08	2015-05-08	Type-Enhancement;Component-UI;UserManual;Tutorial	Link to User Manual in Footer
637	closed	2015-05-08	2015-05-08	Priority-High;Type-Defect	use latest gbif-hhtputils
636	closed	2015-05-08	2015-05-08	Type-Defect	Couldnt add Vernacular Names extension
635	closed	2015-05-08	2015-05-08	Type-Enhancement;Priority-High	Update IPT pom with GBIF parent pom
634	closed	2015-05-08	2015-05-08	Type-Defect;Priority-Critical	Ampersands '&' in organizationName of eml cause IPT to crash
633	closed	2015-05-08	2015-05-08	Priority-Low;Type-Defect	citation rendering in public metadata
632	closed	2015-05-08	2015-05-08	Type-Defect;Priority-Critical	IPT base url validation missing trailing slash
631	closed	2015-05-08	2015-05-08	Type-Defect	Mapping count wrong after archive import?
630	closed	2015-05-08	2015-05-08	Type-Defect	No confirmation dialog should be on cancel button on organisation page - only save
629	closed	2015-05-08	2015-05-08	Priority-High;Type-Defect	Metadata fields display wrong information or missing information following import
628	closed	2015-05-08	2015-05-08	Type-Defect;Priority-Critical	AdditionalMetadata page cannot be saved because of problem with pubDate
627	closed	2015-05-08	2015-05-08	Type-Defect	Permissions issue on the data directory folder when updating the IPT
626	closed	2015-05-08	2015-05-08	Priority-Low;Type-Defect;Component-Persistence	Database source returning only 1 row cannot be mapped
625	closed	2015-05-08	2015-05-08	Type-Other;Priority-Critical	Test connection to SQL Server 2008, map data coming from connection, and publish
624	closed	2015-05-08	2015-05-08	Type-Defect	A link to the primary contact on record for the organisation IS NOT provided below the password field once you have selected it
623	closed	2015-05-08	2015-05-08	Type-Defect;Priority-Critical	Eml document still points to dev version of GBIF eml schema and not to version 1.0
622	closed	2015-05-08	2015-05-08	Type-Defect;Priority-Critical	Eml document still points to dev version of GBIF eml schema and not to version 1.0
621	closed	2015-05-08	2015-05-08	Type-Defect	Preview button in Firefox returns user to manage resource page
620	closed	2015-05-08	2015-05-08	Priority-Low;Type-Defect	missing scientific name in taxonomic keyword give {0} validation message
619	closed	2015-05-08	2015-05-08	Type-Enhancement;UserManual;Tutorial	Reclassify core types as being distinct from extensions
618	closed	2015-05-08	2015-05-08	Type-Defect;Priority-Critical	publishing metadata only resources gives error
617	closed	2015-05-08	2015-05-08	Priority-Medium;Type-Defect	clean up public resource metadata
616	closed	2015-05-08	2015-05-08	Type-Enhancement;Priority-Medium	Upgrade to JQuery 1.5
615	closed	2015-05-08	2015-05-08	Priority-Medium;Type-Defect	publishing resource doesnt remove cancel once completed
614	closed	2015-05-08	2015-05-08	Type-Defect	listing registry organisation fails
613	closed	2015-05-08	2015-05-08	Type-Defect;Priority-Critical	Organisations list can't be get
612	closed	2015-05-08	2015-05-08	Type-Enhancement;Priority-High	Add stronger warning before registering a resource
611	closed	2015-05-08	2015-05-08	Type-Enhancement	DiGIR /TAPIR mapping imports
610	closed	2015-05-08	2015-05-08	Type-Enhancement;UserManual	Feedback should be given when skipping invalid rows during calculation of row count 
609	closed	2015-05-08	2015-05-08	Type-Defect;Priority-Critical	Deletion of registered resource fails
608	closed	2015-05-08	2015-05-08	Priority-Medium;Type-Defect	Duplicate log message appears after saving a single translation for the term kingdom
607	closed	2015-05-08	2015-05-08	Type-Defect;Priority-Critical	Add inline text on IPT settings page
606	closed	2015-05-08	2015-05-08	Priority-Low;Type-Defect	Organisation creation does not persist all fields
605	closed	2015-05-08	2015-05-08	Type-Enhancement;Usability;Priority-Critical	Complete default fields in data files in DwC-A
604	closed	2015-05-08	2015-05-08	Priority-Medium;Type-Defect	Organisation list in IPT is cached too greedily
603	closed	2015-05-08	2015-05-08	Type-Defect;Priority-Critical	Exception thrown during publishing related to using default value 
602	closed	2015-05-08	2015-05-08	Priority-Low;Type-Defect	Copyright notice in footer should be updated to 2011
601	closed	2015-05-08	2015-05-08	Priority-High;Type-Defect	Alternative Identifier fields in Additional Metadata are repeating automatically
600	closed	2015-05-08	2015-05-08	Type-Defect;Priority-Critical	Prevent multiple mappings of same rowType on same source file
599	closed	2015-05-08	2015-05-08	Type-Defect	Record count not properly calculated after resource import, displayed wrong on Source Data section and Edit Source page
598	closed	2015-05-08	2015-05-08	Type-Defect	Ensure all drop-downs display saved information and not defaults
597	closed	2015-05-08	2015-05-08	Type-Defect	Remove delete button from Create New User page
596	closed	2015-05-08	2015-05-08	Type-Defect;Priority-Critical	java.lang.UnsupportedClassVersionError when trying to run in Java 5
595	closed	2015-05-08	2015-05-08	Priority-High;Type-Defect	Make visibility change requests idempotent
594	closed	2015-05-08	2015-05-08	Type-Defect	NullPointerException on changing visibility to public, when it already it public
593	closed	2015-05-08	2015-05-08	Type-Defect	Hide unmapped fields does not hide Filter field
592	closed	2015-05-08	2015-05-08	Type-Defect	Two different date formats displayed on Manage Resource page
591	closed	2015-05-08	2015-05-08	Type-Defect	Visibility text before making resource public is misleading
590	closed	2015-05-08	2015-05-08	Priority-High;Type-Defect	Problems with create/edit user page for logged-in user Admin
589	closed	2015-05-08	2015-05-08	Priority-Medium;Type-Defect	One problem and one enhancement for Metadata section on Manage Resource page
588	closed	2015-05-08	2015-05-08	Type-Defect;Priority-Critical	Input text is not sanitized
587	closed	2015-05-08	2015-05-08	Type-Defect	Admin login not working after setup
586	closed	2015-05-08	2015-05-08	Type-Defect;Priority-Critical	Problem with pubDate on Additional Metadata page
585	closed	2015-05-08	2015-05-08	Priority-Low;Type-Defect	Favicon shows Tomcat icon
584	closed	2015-05-08	2015-05-08	Priority-Medium;Type-Defect	Registration page flashes hidden content on initial load
583	closed	2015-05-08	2015-05-08	Type-Defect;Priority-Critical	Registration page broken in Firefox 3.6 and IE 8
582	closed	2015-05-08	2015-05-08	Priority-Critical	Check extensions in the live registry
581	closed	2015-05-08	2015-05-08	Priority-Critical	Check EML validates against latest GBIF schema
580	closed	2015-05-08	2015-05-08	Type-Defect	Registry's password for organisation displayed publicly on About page
579	closed	2015-05-08	2015-05-08	Type-Defect;Priority-Critical	DwC-Archive dependency is out of date (pom.xml points to 1.4)
578	closed	2015-05-08	2015-05-08	Type-Enhancement;Priority-Low	Inconsistent styling on EML display page
577	closed	2015-05-08	2015-05-08	Type-Enhancement;Priority-Low	Don't display metadata sections in EML display page that haven't been filled out yet
576	closed	2015-05-08	2015-05-08	Type-Defect	Associated Party role dropdown broken 
575	closed	2015-05-08	2015-05-08	Type-Defect	Curatorial units not displaying all fields properly in EML display page
574	closed	2015-05-08	2015-05-08	Type-Enhancement;Priority-Low	Display alternateIdentifiers on EML display page
573	closed	2015-05-08	2015-05-08	Type-Enhancement	"Inappropriate log level for ""Publishing resource version """
572	closed	2015-05-08	2015-05-08	Type-Defect	Personnel Role drop down doesn't work on Project Data metadata page
571	closed	2015-05-08	2015-05-08	Type-Enhancement	Sort rank list on taxonomic coverages metadata page
570	closed	2015-05-08	2015-05-08	Type-Enhancement	Context help needed on IPT Settings page
569	closed	2015-05-08	2015-05-08	Priority-Medium;Type-Defect	Organisation list not displaying names with proper encoding
568	closed	2015-05-08	2015-05-08	Type-Defect;Priority-Critical	NullPointerException on loadDataDirConfig?
567	closed	2015-05-08	2015-05-08	Type-Enhancement;Priority-Medium;Usability	Add content translations for Spanish, German, and French
566	closed	2015-05-08	2015-05-08	Type-Enhancement;Usability;Priority-Critical	Remove translation links for 2.0GA release
565	closed	2015-05-08	2015-05-08	Type-Defect;Priority-Critical	changing base URL to wrong URL causes exception
564	closed	2015-05-08	2015-05-08	Type-Defect	Duplicate Organisations appear in list on IPT registration page
563	closed	2015-05-08	2015-05-08	Type-Defect;Priority-Critical	Validation of public URL fails on actual valid public URL
562	closed	2015-05-08	2015-05-08	Priority-Medium;Type-Defect	Open Registry view of resource in separate window
561	closed	2015-05-08	2015-05-08	Type-Defect;Priority-Critical	Missing metadata message misleading
560	closed	2015-05-08	2015-05-08	Type-Defect;Priority-Critical	FreeMarker template error when automapping translations in basis of record
559	closed	2015-05-08	2015-05-08	Priority-Low;Type-Defect	The introductory text to the Additional Identifiers is confusing
558	closed	2015-05-08	2015-05-08	Type-Enhancement;Priority-High;UserManual;MetadataProfile;MetadataEditor	Project Data and Collection Data are weak in their implementation.
557	closed	2015-05-08	2015-05-08	Type-Enhancement;Priority-Medium	Confusion with Alternative Identifier
556	closed	2015-05-08	2015-05-08	Priority-High;Type-Defect	mapping translation shows wrong values
555	closed	2015-05-08	2015-05-08	Priority-Medium;Type-Defect	internationalise ResourceManagerImpl.createFromArchive(...) logging
554	closed	2015-05-08	2015-05-08	Priority-Low;Type-Defect	Info box in IPT registration always open
553	closed	2015-05-08	2015-05-08	Priority-Medium;Type-Defect	Hide Empty text on Darwin Core Mapping page
552	closed	2015-05-08	2015-05-08	Type-Defect	Changing base URL registers duplicate Resource with new Services
551	closed	2015-05-08	2015-05-08	Priority-Medium;Type-Defect	Changing base URL causes logged in admin to be logged off 
550	closed	2015-05-08	2015-05-08	Priority-Medium;Type-Defect	"Citation displays as ""eml.citation"" on view eml page"
549	closed	2015-05-08	2015-05-08	Type-Defect	Not all installed extensions appear in drop down in Darwin Core Mappings section of manage resource page
548	closed	2015-05-08	2015-05-08	Priority-Medium;Type-Defect	Inappropriate log message following save action on edit associate organisation
547	closed	2015-05-08	2015-05-08	Type-Defect	Organisation name not displayed on edit associated organisation page
546	closed	2015-05-08	2015-05-08	Priority-Medium;Type-Defect	Organisation alias displayed instead of name on organisation list page
545	closed	2015-05-08	2015-05-08	Type-Defect;Priority-Critical	Adding source file without having selected a file causes a Freemarker error
544	closed	2015-05-08	2015-05-08	Type-Defect	Resource shortname can be overwritten by changing title in metadata
543	closed	2015-05-08	2015-05-08	Type-Enhancement	Following an archive import that fails refer user to the online validator service
542	closed	2015-05-08	2015-05-08	Type-Enhancement;Priority-Medium;Registry;UserManual	IPT registration page's fields do not match Registry's fields (for contact)
541	closed	2015-05-08	2015-05-08	Type-Defect	Hosting institution name not displayed following registration of IPT
540	closed	2015-05-08	2015-05-08	Type-Defect	Update Vocabs produced error.
539	closed	2015-05-08	2015-06-25	duplicate;Type-Defect	Freemarker template exception in Associated Parties
538	closed	2015-05-08	2015-05-08	Type-Enhancement;Priority-Medium;UserManual	Create new resource from archived resource folder
537	closed	2015-05-08	2015-05-08	Type-Defect;Priority-Critical	Freemarker template error on saving Associated Parties' page with a role
536	closed	2015-05-08	2015-05-08	Priority-Medium;Type-Defect	text on setup 1
535	closed	2015-05-08	2015-05-08	Priority-High;Type-Defect	Incorrect error message to user on register
534	closed	2015-05-08	2015-05-08	Priority-Medium;Type-Defect	Numeric text displayed incorrectly in some locales
533	closed	2015-05-08	2015-05-08	Priority-Medium;Type-Defect	Registration page performance improvement
532	closed	2015-05-08	2015-05-08	Priority-Medium;Type-Defect	Incorrect text of setup II
531	closed	2015-05-08	2015-05-08	Priority-Medium;Type-Defect	helpOptions formatting incorrect
530	closed	2015-05-08	2015-05-08	Priority-High;Type-Defect	GBIF Registration options page various problems
529	closed	2015-05-08	2015-05-08	Type-Defect;Priority-Critical	Organisation Name not showing in GBIF Registration or Edit Organisations
528	closed	2015-05-08	2015-05-08	Priority-Low;Type-Defect	Contact email error cover text box
527	closed	2015-05-08	2015-05-08	Priority-Low;Type-Defect	saving date in additional metadata page
526	closed	2015-05-08	2015-05-08	Type-Defect	password stored between sessions
525	closed	2015-05-08	2015-05-08	Type-Defect	missing link to contact resource primary contact
524	closed	2015-05-08	2015-05-08	Type-Defect	Registered DWC-ARCHIVE-OCCURRENCE isn't a downloadable link to the zipped archive itself
523	closed	2015-05-08	2015-05-08	Type-Enhancement	Add text to Thesaurus element tooltip on Keyword Set form of metadata editor
522	closed	2015-05-08	2015-05-08	Type-Defect	Can't remove DwC mapping
521	closed	2015-05-08	2015-05-08	Priority-Medium;Type-Defect	Total count wrong when mapping multiple times a datasource to an extension
520	closed	2015-05-08	2015-05-08	Priority-Medium;Type-Defect	Small UI glitch in DB source data page
519	closed	2015-05-08	2015-05-08	Type-Defect	User edition mismatch
518	closed	2015-05-08	2015-05-08	Type-Enhancement	Maintain consistent edit links for resources & organisations
517	closed	2015-05-08	2015-05-08	Type-Enhancement;Priority-Medium;UserManual	Show reason why IPT url validation fails
516	closed	2015-05-08	2015-05-08	Type-Enhancement;Priority-High	"Cant change alias and ""can host"" flag for IPT hosting organisation"
515	closed	2015-05-08	2015-05-08	Priority-Medium;Type-Defect	EML dc:replaces uses wrong identifier
514	closed	2015-05-08	2015-05-08	Type-Enhancement;Priority-Medium	alternative identifier form missing
513	closed	2015-05-08	2015-05-08	Type-Enhancement;Priority-Low	Confusion over meaning of terms colored red on Mapping Source page, and consistency of color of message bars used
512	closed	2015-05-08	2015-05-08	Type-Enhancement;Priority-Medium;UserManual;Tutorial	Supply link to log file showing invalid lines (ex lines with less columns than mapped)
511	closed	2015-05-08	2015-05-08	Priority-Low;Type-Defect	Changing admin to user is not working correctly.
510	closed	2015-05-08	2015-05-08	Type-Defect;Priority-Critical	Update published dwca when base url changes
509	closed	2015-05-08	2015-05-08	Type-Defect;Priority-Critical	Several problems on Windows
508	closed	2015-05-08	2015-05-08	Priority-High;Type-Defect	"List resources affected by a ""Can't delete last manager"" exception"
507	closed	2015-05-08	2015-05-08	Type-Enhancement;Priority-Medium	Show where the data directory and log directory are
506	closed	2015-05-08	2015-05-08	Type-Defect;Priority-Critical	Cannot update user without re-setting its password
505	closed	2015-05-08	2015-05-08	Type-Defect;Priority-Critical	Last admin cannot be deleted, but can be changed to normal user
504	closed	2015-05-08	2015-05-08	Type-Enhancement	Minor UI improvement
503	closed	2015-05-08	2015-05-08	Type-Enhancement;Priority-Low	Small UI improvement
502	closed	2015-05-08	2015-05-08	Priority-Medium;Type-Defect	Metadata Error messages don't match validation rules
501	closed	2015-05-08	2015-05-08	Type-Defect	Can't remove server coordinates once entered
500	closed	2015-05-08	2015-05-08		No headers in Archieve Columns
499	closed	2015-05-08	2015-05-08	Priority-Medium;Type-Defect	eml geographicDescription required when bbox is given
498	closed	2015-05-08	2015-05-08	Type-Enhancement;Priority-Medium	no term for mapping image links
497	closed	2015-05-08	2015-05-08	Type-Enhancement;Priority-Critical	Some concerns with large databases as a source
496	closed	2015-05-08	2015-05-08	Priority-High;Type-Defect	Update geographic coverage to 'global'
495	closed	2015-05-08	2015-05-08	Priority-Medium;Type-Defect	admin not logged in after setup
494	closed	2015-05-08	2015-05-08	Type-Defect;Priority-Critical	Translations
493	closed	2015-05-08	2015-05-08	Type-Defect	Exception on startup
492	closed	2015-05-08	2015-05-08	Priority-Medium;Type-Defect	Internationalize action errors
491	closed	2015-05-08	2015-05-08	Type-Defect	Geospatial coverage
490	closed	2015-05-08	2015-05-08	Priority-Low;Type-Defect	Resource title in list
489	closed	2015-05-08	2015-05-08	Type-Defect;Priority-Critical	Out of memory
488	closed	2015-05-08	2017-10-16	Won't-fix;Type-Enhancement;Priority-Medium	add webservice to upload dwca
487	closed	2015-05-08	2015-05-08	Type-Enhancement;Priority-Low	Add Date/Time in logs
486	closed	2015-05-08	2015-05-08	Priority-High;Type-Defect	Various ressource edition issues (configuration-specific)
485	closed	2015-05-08	2015-05-08	Priority-Medium;Type-Defect	Error messages not displayed on Administration page
484	closed	2015-05-08	2015-05-08	Priority-Low;Type-Defect	Struts error on about page
483	closed	2015-05-08	2015-05-08	Priority-Medium;Type-Defect	Polishing the first ipt setup page / incorrect error message.
482	closed	2015-05-08	2015-05-08	Type-Defect;Priority-Critical	data missing in DwC when using DB
481	closed	2015-05-08	2015-05-08	Priority-High;Type-Defect	Removing Proxy Settings
480	closed	2015-05-08	2015-05-08	Type-Enhancement;Priority-High	EML Metadata Language and Resource Language should be prefilled with current locale
479	closed	2015-05-08	2015-05-08	Priority-Medium;Type-Defect	Umlauts in registered data corrupt
478	closed	2015-05-08	2015-05-08	Type-Defect;Priority-Critical	Organisation in EML Resource Contact is not persisted
477	closed	2015-05-08	2015-05-08	Type-Enhancement;Priority-Medium	"add ""Citation Identifier"" element to Citations form of metadata editor"
476	closed	2015-05-08	2015-05-08	Type-Defect;Priority-Critical	resource link in EML forms broken when title exists
475	closed	2015-05-08	2015-05-08	Priority-High;Type-Defect	Update the registry if a DwC-A is created after the initial registration
474	closed	2015-05-08	2015-05-08	Type-Defect;Priority-Critical	Registering metadata only resource incorrectly registers a DwC-A endpoint
473	closed	2015-05-08	2015-05-08	Type-Enhancement	Auto-publishing
472	closed	2015-05-08	2015-05-08	Priority-High;Type-Defect	new canceled mapping persists
471	closed	2015-05-08	2015-05-08	Type-Enhancement;Priority-Critical	RTF format of the resource metadata 
470	closed	2015-05-08	2015-05-08	Priority-Medium;Type-Defect	missing metadataLanguage field from GBIF EML profile
469	closed	2015-05-08	2015-05-08	Type-Defect;Priority-Critical	Translation cancel & delete buttons not working
468	closed	2015-05-08	2015-05-08	Type-Enhancement	Use of 3-letter language codes
467	closed	2015-05-08	2015-05-08	Priority-Low;Type-Defect	Update all  vocabularies with latest registered version throws an error
466	closed	2015-05-08	2015-05-08	Priority-High;Type-Defect	"When adding a data source clicking ""preview"" with no metadata barfs"
465	closed	2015-05-08	2015-05-08	Type-Enhancement;Priority-Critical	Add specimenPreservationMethod to metadata
464	closed	2015-05-08	2015-05-08	Type-Defect;Priority-Critical	Excel -> csv -> IPT -> DwC-A -> Excel bad data
463	closed	2015-05-08	2015-05-08	Priority-Medium;Type-Defect	"Clicking cancel on resource translation gives ""Resource Not Existing"""
462	closed	2015-05-08	2015-05-08	Type-Defect;Priority-Critical	Value translation not working properly
461	closed	2015-05-08	2015-05-08	Type-Enhancement;Priority-Medium	EML - Promote the URL of the dataset/collection
460	closed	2015-05-08	2015-05-08	Type-Enhancement;Priority-Low;MetadataProfile	EML - Collection data: how to add multiple collections
459	closed	2015-05-08	2015-05-08	Type-Enhancement;Component-Docs	EML - Additional metadata: more info needed
458	closed	2015-05-08	2015-05-08	Type-Enhancement;Component-Docs	EML - Physical Data: more info needed
457	closed	2015-05-08	2015-05-08	Type-Enhancement	EML - Associated parties: [ Copy details from contact ] 
456	closed	2015-05-08	2015-05-08	Type-Enhancement;Priority-Medium	EML - Associated parties: [ Copy details from contact ] 
455	closed	2015-05-08	2015-05-08	Type-Enhancement;Component-Docs	EML - Role
454	closed	2015-05-08	2015-05-08	Priority-Medium;Type-Defect;Component-Docs	EML - Other Keywords: Keyword List
453	closed	2015-05-08	2015-05-08	Type-Enhancement;Priority-Low;Component-Docs	EML - Other Keywords: Thesaurus
452	closed	2015-05-08	2015-05-08	Type-Enhancement;Priority-Low	Remove org.json
451	closed	2015-05-08	2015-05-08	Priority-Low;Type-Defect	permission denied while attempting to write admin.log & debug.log
450	closed	2015-05-08	2015-05-08	Type-Enhancement	"Add a ""Request new feature"" link to complement the ""Report a bug"" link in the IPT footer."
449	closed	2015-05-08	2015-05-08	Priority-High;Type-Defect	"""Class"" is missing as rank in taxonomic coverage EML"
448	closed	2015-05-08	2015-05-08	Priority-Medium;Type-Defect	Default values for terms are repeated in DwC Archive
447	closed	2015-05-08	2015-05-08	Type-Defect;Priority-Critical	Language term not available in GNA Taxon Description
446	closed	2015-05-08	2015-05-08	Type-Defect	/ipt page failed to load for r2482
445	closed	2015-05-08	2015-05-08	Type-Enhancement;Priority-Low	/ipt page failed to load for r2482
444	closed	2015-05-08	2015-05-08	Type-Enhancement;Priority-Low	"Consider adding a ""Global"" coverage checkbox to the geographic coverage"
443	closed	2015-05-08	2015-05-08	Priority-Low;Type-Defect	Original source files end up in published DwC-A, inconsistently.
442	closed	2015-05-08	2015-05-08	Type-Defect;Priority-Critical	Password is not a required filed
441	closed	2015-05-08	2015-05-08	Priority-Medium;Type-Defect	Using IPT after idle time => configure the IPT data folder again
440	closed	2015-05-08	2015-05-08	Type-Enhancement;UserManual;Tutorial	On mapping page, add a list of all source fields NOT mapped to DwC
439	closed	2015-05-08	2015-05-08	Type-Defect	Can't get past geographic coverage in metadata authoring
438	closed	2015-05-08	2015-05-08	Type-Defect;Priority-Critical	add mapping translation link gives 404
437	closed	2015-05-08	2015-05-08	Priority-Low;Type-Defect	"""Add several taxons"" under Taxonomic Coverage"
436	closed	2015-05-08	2015-05-08	Type-Defect;Priority-Critical	Crashed after hitting Update Vocabularies button
435	closed	2015-05-08	2015-05-08	Type-Enhancement;Priority-Low	A link to resource overview page in editing metadata, mapping, ...etc.
434	closed	2015-05-08	2015-05-08	Type-Enhancement;Priority-Low	"Asterisks for indicating required fields while filling the ""basic metadata"" form."
433	closed	2015-05-08	2015-05-08	Priority-High;Type-Defect	Missing postal code-Associated Parties Template
432	closed	2015-05-08	2015-05-08	Priority-High;Type-Defect	Postal Code field in Associated parties
431	closed	2015-05-08	2015-05-08	Type-Enhancement;Priority-Critical;Component-Testing	add unit tests for VocabulariesManagerImpl
430	closed	2015-05-08	2015-05-08	Type-Enhancement;Priority-Critical	add unit tests for UserAccountManagerImpl
429	closed	2015-05-08	2015-05-08	Type-Enhancement;Priority-Critical;Component-Testing	add unit tests for RegistrationManagerImpl
428	closed	2015-05-08	2015-05-08	Type-Enhancement;Priority-Critical;Component-Testing	add unit tests for ExtensionManagerImpl
427	closed	2015-05-08	2015-05-08	Type-Enhancement;Priority-Critical;Component-Testing	add unit tests for SourceManagerImpl
426	closed	2015-05-08	2015-05-08	Priority-Medium;Type-Defect	Required field in additional metadata template
425	closed	2015-05-08	2015-05-08	Type-Enhancement;Priority-Critical;Component-Testing	add unit tests for ResourceManagerImpl
424	closed	2015-05-08	2015-05-08	Type-Enhancement;Priority-High	allow to recover lost admin password
423	closed	2015-05-08	2015-05-08	Priority-Medium;Type-Defect	Occasional error when saving resource
422	closed	2015-05-08	2015-05-08	Priority-High;Type-Defect	Number of records not dispayed on IPT home for tab delimited dataset files (r2450)
421	closed	2015-05-08	2015-05-08	Type-Enhancement;Priority-High;Usability	allow multiple source columns to be mapped to the same concept term - union mapping
420	closed	2015-05-08	2015-05-08	Priority-Medium;Type-Defect	Tab-delimited text file as source data is not properly treated.
419	closed	2015-05-08	2015-05-08	Type-Defect;Priority-Critical	Meta.xml is incorrect for extensions
418	closed	2015-05-08	2015-05-08	Priority-High;Type-Defect	Certain problems with some characters, even in UTF-8
417	closed	2015-05-08	2015-05-08	Type-Enhancement	IPT Database host field not clear enough
416	closed	2015-05-08	2015-05-08	Type-Enhancement	Shortcuts on mapping categories
415	closed	2015-05-08	2015-05-08	Priority-Medium;Type-Defect	Can't remove admin (even when number of admins > 1)
414	closed	2015-05-08	2015-05-08	Type-Enhancement;Priority-Low	Text color
413	closed	2015-05-08	2015-05-08	Priority-High;Type-Defect	Error generated after creating the data source and clicking on the button Analyze on the next screen
412	closed	2015-05-08	2015-05-08	Priority-Low;Type-Defect	Wrong Language in all IPT
411	closed	2015-05-08	2015-05-08	Type-Defect	IPT error
410	closed	2015-05-08	2015-05-08	Priority-Low;Type-Defect;Component-UI	jConfirm not rendering properly in MIExplorer (8.x)
409	closed	2015-05-08	2015-05-08	Type-Defect;Priority-Critical	Import an archive which exceed 100MB
408	closed	2015-05-08	2015-05-08	Type-Defect;Component-UI;Priority-Critical	<button> tag does not give expected behaviour in MIExplorer
407	closed	2015-05-08	2015-05-08	Type-Enhancement;Priority-Low	Increase size of resource citation
406	closed	2015-05-08	2015-05-08	Type-Enhancement;Priority-Medium	Change associated provider province
405	closed	2015-05-08	2015-05-08	Type-Enhancement	Improve taxonomic coverage form
404	closed	2015-05-08	2015-05-08	Priority-Medium;Type-Defect	Subtype not picked up correctly?
403	closed	2015-05-08	2015-05-08	Type-Enhancement;Priority-Low	Add copy link for metadata provider
402	closed	2015-05-08	2015-05-08	Type-Enhancement;Priority-High	Support modifying Base URL
401	closed	2015-05-08	2015-05-08	Type-Defect;Priority-Critical	Header row not being picked up on mapping
400	closed	2015-05-08	2015-05-08	Type-Enhancement;Priority-Medium	On Mapping Source page list all columns/terms having problems at top
399	closed	2015-05-08	2015-05-08	Type-Enhancement;Priority-Medium	0 terms mapped to source should grab user's attention
398	closed	2015-05-08	2015-05-08	Priority-High;Type-Defect	"Issues on ""configure administrator"" page"
397	closed	2015-05-08	2015-05-08	Type-Enhancement;Priority-Critical	User passwords visible from manage user, IPT2RC1
396	closed	2015-05-08	2015-05-08	Type-Defect;Priority-Critical	IPT Error message when create new resource WITH DwC-A, IPT2RC1
395	closed	2015-05-08	2015-05-08	Type-Defect;Priority-Critical	warning for missing users.xml
394	closed	2015-05-08	2015-05-08	Priority-Medium;Type-Defect	Wrong date format to show in Input fields
393	closed	2015-05-08	2015-05-08	Type-Defect;Priority-Critical	Upload tab delimited source file to IPT 2.0 RC1-SNAPSHOT
392	closed	2015-05-08	2015-05-08	Type-Enhancement;Priority-Medium;Component-Docs	Login username for IPT 2.0 RC1
391	closed	2015-05-08	2015-05-08	Type-Defect;Priority-Critical	Technical service generated for the IPT should be extension=rss.do
390	closed	2015-05-08	2015-05-08	Type-Defect;Priority-Critical	"deregistering resource from registry throws ""Bad registry response"""
389	closed	2015-05-08	2015-05-08	Priority-High;Type-Defect	when an error occurrs in dwca generation the locked page doesnt show any error
388	closed	2015-05-08	2015-05-08	Type-Defect	Template error in 2.0 RC1-SNAPSHOT
387	closed	2015-05-08	2015-05-08	Type-Defect;Priority-Critical	Deleting resource throws Exception
386	closed	2015-05-08	2015-05-08	Type-Defect;Priority-Critical	Adding managers to resource broken
385	closed	2015-05-08	2015-05-08	Priority-Low;Type-Defect;Component-UI	validation message for single time temporal coverage not formatted properly
384	closed	2015-05-08	2015-05-08	Priority-Medium;Type-Defect	organisation alias should be optional
383	closed	2015-05-08	2015-05-08	Priority-Medium;Type-Defect	keep selected organisation selected in registration admin
382	closed	2015-05-08	2015-05-08	Type-Enhancement;Priority-Medium;Component-UI	quick taxon keyword entry missing in eml forms
381	closed	2015-05-08	2015-05-08	Priority-High;Type-Defect	Apply internationalisation on ALL forms
380	closed	2015-05-08	2015-05-08	Priority-High;Type-Defect	Styling across browsers
379	closed	2015-05-08	2015-05-08	Type-Defect	hardcoded extension / vocabulary need replaced
378	closed	2015-05-08	2015-05-08	Type-Task	Check all email forms
377	closed	2015-05-08	2015-05-08	Type-Task	Organisation selection when registering 
376	closed	2015-05-08	2015-05-08	Priority-High;Type-Defect	Check deletions of vocabularies, extensions etc
375	closed	2015-05-08	2015-05-08	Priority-High;Type-Defect	Dislocated elements in basic metadata section visualiazed with IE
374	closed	2015-05-08	2015-05-08	Type-Enhancement;Priority-High	Allow administrators the ability to disable publishing rights of an individual manager
373	closed	2015-05-08	2015-05-08	Priority-High;Type-Defect	IPT sitting behind a proxy
372	closed	2015-05-08	2015-05-08	Type-Defect;Priority-Critical	block user account deletion if its being used
371	closed	2015-05-08	2015-05-08	Type-Defect;Priority-Critical	Publishing resource without data hangs IPT
370	closed	2015-05-08	2015-05-08	Type-Enhancement;Priority-Medium	add definitions and examples to dwc occurrence definition
369	closed	2015-05-08	2015-05-08	Type-Other;Priority-Critical	review dwc core extension files
368	closed	2015-05-08	2015-05-08	Type-Enhancement;Priority-High	allow admins to restrict the available organisations for managers
367	closed	2015-05-08	2015-05-08	Priority-Medium;Type-Other	when to create a new eml version?
366	closed	2015-05-08	2015-05-08	Priority-High;Type-Defect	taxon/occurrenceID redundant
365	closed	2015-05-08	2015-05-08	Type-Enhancement;Priority-High	Toggle mappings between used/unused ones
364	closed	2015-05-08	2015-05-08	Priority-High;Type-Defect	Metadata - Collection Data triggering exception when saving
363	closed	2015-05-08	2015-05-08	Type-Defect;Priority-Critical	FreeMarker template error when saving ASSOCIATED PARTIES
362	closed	2015-05-08	2015-05-08	Type-Other	Upper case should be kept in resource name?
361	closed	2015-05-08	2015-05-08	Priority-Medium;Type-Defect	Form validation messages incorrectly formatted
360	closed	2015-05-08	2015-05-08	Type-Defect;Priority-Critical;Registry	IPT Creates an organisation against the dev-registry even when it is pointing to the live-registry
359	closed	2015-05-08	2015-05-08	Type-Defect;Component-UI;Priority-Critical	Tree browsing pointer out of focus
358	closed	2015-05-08	2015-05-08	Priority-Medium;Type-Defect;Usability	Checklist resource types available for Occurrence resources
357	closed	2015-05-08	2015-05-08	Priority-Low;Type-Defect;Component-UI	"""recent resources"" on manager sidemenu shows the same resource twice"
356	closed	2015-05-08	2015-05-08	Priority-High;Type-Defect;Component-UI	Expression resource.contactName is undefined on line 91, column 53 in WEB-INF/pages/portal/occ/index.ftl
355	closed	2015-05-08	2015-05-08	Priority-Low;Type-Defect;Component-Import	when uploading a new data file the message misses a parameter {1}
354	closed	2015-05-08	2015-05-08	Type-Defect;Priority-Critical;Component-Import	dwca checklist import failed
353	closed	2015-05-08	2015-05-08	Type-Defect;Priority-Critical	Cannot preview files
352	closed	2015-05-08	2015-05-08	Type-Defect;Priority-Critical	DB connection issue
351	closed	2015-05-08	2015-05-08	Type-Defect;Priority-Critical	logo url incorrect in EML
350	closed	2015-05-08	2015-05-08	Type-Defect;Priority-Critical	Managers cannot 
349	closed	2015-05-08	2015-05-08	Type-Defect;Priority-Critical	Cannot publish with RC4
348	closed	2015-05-08	2015-05-08	Type-Enhancement;Priority-High;Component-Docs	Roadmap needs update
347	closed	2015-05-08	2015-05-08	Type-Enhancement;Component-Docs	Roadmap needs update
346	closed	2015-05-08	2015-05-08	Type-Defect	Data not saves
345	closed	2015-05-08	2015-05-08	Type-Defect;Priority-Critical	Updating Thesauri fails
344	closed	2015-05-08	2015-05-08	Type-Defect;Priority-Critical	EML resourceLogo URL
343	closed	2015-05-08	2015-05-08	Type-Defect;Priority-Critical	Physical data charset not set in EML
342	closed	2015-05-08	2015-05-08	Type-Defect;Priority-Critical	EML Project funding in abstract
341	closed	2015-05-08	2015-05-08	Type-Defect;Priority-Critical	Metadata dates in EML incorrect
340	closed	2015-05-08	2015-05-08	Type-Defect;Priority-Critical	Keyword thesaurus not propagating to EML
339	closed	2015-05-08	2015-05-08	Type-Defect;Priority-Critical	Metadata link broken
338	closed	2015-05-08	2015-05-08	Type-Defect;Priority-Critical	Unable to map data when not administrator
337	closed	2015-05-08	2015-05-08	Type-Defect;Usability;Priority-Critical;Component-Import	Correctly mapped dwc:class not imported
336	closed	2015-05-08	2015-05-08	Priority-High;Type-Defect;Usability;Component-Persistence	waterbody in H2 Extension_Property table
335	closed	2015-05-08	2015-05-08	Type-Defect;Priority-Critical	new organisation registration -- saving the PWD (provided by email) throws an exception
334	closed	2015-05-08	2015-05-08	Type-Defect;Priority-Critical	Basic CSV import, DwC-A export, DwC-A import broken
333	closed	2015-05-08	2015-05-08	Type-Defect	passing null UUID to the Registry when hitting Save at IPT metadata screen (before hitting REGISTER)
332	closed	2015-05-08	2015-05-08	Priority-High;Type-Defect	New organisation registration throwing IllegalArgumentException
331	closed	2015-05-08	2015-05-08	Type-Defect;Usability;Component-UI;Priority-Critical;Component-Import	column mapping if no header
330	closed	2015-05-08	2015-05-08	Type-Defect;Usability;Priority-Critical;Maintainability;Component-Persistence	Upload DwC-A as pure metadata resource doesn't import metadata
329	closed	2015-05-08	2015-05-08	Priority-Medium;Type-Defect;Usability	Automap Source_id and GUID as such
328	closed	2015-05-08	2015-05-08	Priority-High;Type-Defect;Usability;Component-UI;Maintainability	Create DwC-Archive without having to register resource
327	closed	2015-05-08	2015-05-08	Priority-High;Type-Defect;Usability;Component-UI	Column mapping to <field> element name.
326	closed	2015-05-08	2015-05-08	Type-Enhancement	Metadata contextual help - alternative
325	closed	2015-05-08	2015-05-08	Type-Enhancement	Metadata contextual help 
324	closed	2015-05-08	2015-05-08	Type-Defect	"""Upd Geoserver"" doesn't use Geoserver Settings"
323	closed	2015-05-08	2015-05-08	Type-Enhancement	Demo registration at the GBRDSDEV (dummy email)
322	closed	2015-05-08	2015-05-08	Type-Defect	Error registration of new organisation with IPT RC3 (spinning wheel)
321	closed	2015-05-08	2015-05-08	Type-Defect	i18n keys showing in place of values
320	closed	2015-05-08	2015-05-08	Type-Defect	Metadata - Physical Data - problems
319	closed	2015-05-08	2015-05-08	Type-Defect	Metadata - Temporal Coverages - problems
318	closed	2015-05-08	2015-05-08	Type-Defect	can not create new organisation
317	closed	2015-05-08	2015-05-08	Type-Defect	Crashed
316	closed	2015-05-08	2015-05-08	Type-Defect;Registry	"""Could not authenticate"" message , but registry returning 200 HTTP Status Code"
315	closed	2015-05-08	2015-05-08	Priority-Medium;Type-Defect;Maintainability;Component-Persistence	Update TAX_SKIP_COLUMNS for Checklists
314	closed	2015-05-08	2015-05-08	Type-Enhancement;Priority-Medium;Usability;Component-Import;Component-Persistence	Allow same guid in more than one resource
313	closed	2015-05-08	2015-05-08	Type-Enhancement;Priority-Medium;Usability;Component-UI	support for multiple geographic coverages
312	closed	2015-05-08	2015-05-08	Priority-Medium;Usability;Component-UI;Type-Task	complete the Full Metadata report page
311	closed	2015-05-08	2015-05-08	Priority-Medium;Type-Task;Maintainability	enable struts validation for required metadata
310	closed	2015-05-08	2015-05-08	Priority-Low;Type-Task;Component-Persistence	Clean up H2 database
309	closed	2015-05-08	2015-05-08	Type-Enhancement;Priority-Low;Usability;Component-UI	catalogNumber as default sourceID
308	closed	2015-05-08	2015-05-08	Priority-Medium;Type-Defect;Usability;Component-UI	Error messages are not Internationalised
307	closed	2015-05-08	2015-05-08	Priority-High;Type-Defect;Component-UI;Component-Persistence	Enable Resource Title in multiple languages
306	closed	2015-05-08	2015-05-08	Type-Enhancement	Make IPT functional in off-line mode
305	closed	2015-05-08	2015-05-08	Priority-Medium;Type-Defect;Component-UI	update resource.modified for every save
304	closed	2015-05-08	2015-05-08	Type-Enhancement;Priority-High;Component-UI	metadataLanguage required
303	closed	2015-05-08	2015-05-08	Type-Enhancement;Priority-Medium;Usability;Component-UI	Use resource logo by default in metedata logoUrl
302	closed	2015-05-08	2015-05-08	Type-Enhancement;Priority-Medium;Usability;Component-UI	Button to Copy MetadataProvider from ResourceCreator
301	closed	2015-05-08	2015-05-08	Priority-High;Type-Defect;Usability;Component-UI	Registration of sub-organisation IPT 1.0 RC4 PREVIEW
300	closed	2015-05-08	2015-05-08	Type-Defect	Error adding associated parties in metadata
299	closed	2015-05-08	2015-05-08	Priority-Medium;Type-Defect;Usability;Component-UI	HTTP Status 500 exception error
298	closed	2015-05-08	2015-05-08	Type-Defect;Usability;Priority-Critical;Component-Import;Component-Persistence	DwC-A is not generated
297	closed	2015-05-08	2015-05-08	Type-Defect;Priority-Critical	Deployment with context path
296	closed	2015-05-08	2015-05-08	Priority-High;Type-Defect	IPT doesnt compile on java5
295	closed	2015-05-08	2015-05-08	Priority-High;Type-Defect;Usability;Component-UI;Registry	Exception while publishing resource on unregistered IPT instance
294	closed	2015-05-08	2015-05-08	Priority-Medium;Type-Defect;Usability;Component-UI;Component-Persistence	Resource logo needs to be saved in Eml object
293	closed	2015-05-08	2015-05-08	Type-Defect;Priority-Critical	Error registering IPT instance
292	closed	2015-05-08	2015-05-08	Type-Defect;Usability;Priority-Critical	Cannot publish pure a metadata resource
291	closed	2015-05-08	2015-05-08	Type-Defect;Component-UI;Priority-Critical	Template /WEB-INF/pages/manage/meta/creator.ftl not found
290	closed	2015-05-08	2015-05-08	Type-Defect;Component-UI;Priority-Critical	how to delete a metadata resource
289	closed	2015-05-08	2015-05-08	Type-Other	Resource GeospatialCoverage check
288	closed	2015-05-08	2015-05-08	Priority-Medium;Type-Defect;Usability;Component-UI	Missing By Year Collected Graphic
287	closed	2015-05-08	2015-05-08	Type-Enhancement	Signal the HIT when the dataset content in IPT is updated
286	closed	2015-05-08	2015-05-08	Type-Enhancement	Schedule content updates to a dataset - handle to push updated content for a dataset to IPT
285	closed	2015-05-08	2015-05-08	Type-Enhancement	Save mapping as template for use with other similar datasets
284	closed	2015-05-08	2015-05-08	Type-Enhancement	Describe annotation data quality checks
283	closed	2015-05-08	2015-05-08	Type-Enhancement	Add record identification to annotation summary
282	closed	2015-05-08	2015-05-08	Type-Enhancement	Mask password for database connections
281	closed	2015-05-08	2015-05-08	Type-Enhancement	Ability to search across resources
280	closed	2015-05-08	2015-05-08	Type-Defect	Mappings display different count depending on save button
279	closed	2015-05-08	2015-05-08	Type-Defect	annotations - latitude value out of range or longitude value out of range will not go to record
278	closed	2015-05-08	2015-05-08	Priority-High;Type-Defect;Usability;Component-UI	Navigational trees do not work properly in Chrome
277	closed	2015-05-08	2015-05-08	Type-Enhancement	Navigational trees remember location after moving to new page
276	closed	2015-05-08	2015-05-08	Priority-High;Type-Defect;Usability;Component-UI	Clicking link to update extensions causes exception
275	closed	2015-05-08	2015-05-08	Type-Enhancement;Priority-High;Component-Import	"Allow ""lite"" import of data bypassing the H2 database and deactivating the webapp"
274	closed	2015-05-08	2015-05-08	Priority-High;Type-Defect	IPT no longer a standard MVN build
273	closed	2015-05-08	2015-05-08	Type-Enhancement	Display number of records (in Explore and Manage lists)
272	closed	2015-05-08	2015-05-08	Type-Enhancement	Persistent ID registered in the GBRDS to identify each dataset, drop-down menu in the local IPT to match
271	closed	2015-05-08	2015-05-08	Type-Enhancement;Priority-High;Component-Import	Allow import of existing darwin core archives
270	closed	2015-05-08	2015-05-08	Type-Defect;Priority-Critical;Registry;Component-Persistence	Localhost being used for IPT locations when registering
269	closed	2015-05-08	2015-05-08	Type-Defect	Modifier
268	closed	2015-05-08	2015-05-08	Priority-Medium;Type-Defect	"Column name ""DateIdentified"" caused invalid notice while creating a SQL view with JDBC"
267	closed	2015-05-08	2015-05-08	Type-Enhancement;Priority-High;Maintainability;Component-Testing	Unit testing infrastructure for rendering FreeMarker templates
266	closed	2015-05-08	2015-05-08	Type-Enhancement;Priority-Medium;Maintainability	Move EML_TEMPLATE property from EmlManagerImpl to Constants?
265	closed	2015-05-08	2015-05-08	Type-Enhancement	Import spreadsheet IPT 2.0?
264	closed	2015-05-08	2015-05-08	Type-Enhancement;Component-UI;Priority-Critical;Component-Docs;Component-Persistence	Scenarios for handling externally-generated metadata
263	closed	2015-05-08	2015-05-08	Type-Defect;Priority-Critical;Component-Import	DwC archive lacks EML metadata document
262	closed	2015-05-08	2015-05-08	Type-Defect	Incomplete importation from MySQL Table
261	closed	2015-05-08	2015-05-08	Priority-Medium;Type-Defect;Component-UI	Create OPTGROUPs for the Resource Type SELECT on Basic Metadata
260	closed	2015-05-08	2015-05-08	Type-Enhancement;Usability;Priority-Critical	Increase full text search result count from 10 to 100.
259	closed	2015-05-08	2015-05-08	Type-Enhancement;Priority-High;Maintainability	write little script to synchronize ApplicationResources
258	closed	2015-05-08	2015-05-08	Type-Enhancement;Priority-Medium	Enable reference to external metadata document via URI
257	closed	2015-05-08	2015-05-08	Priority-Medium;Type-Defect	missing translations for signup page
256	closed	2015-05-08	2015-05-08	Priority-Medium;Type-Task;Maintainability	Seemingly unused text properties to be reviewed
255	closed	2015-05-08	2015-05-08	Type-Enhancement;Priority-High;Usability;Registry	Simplify resource registration by having only 2 states, public & private
254	closed	2015-05-08	2015-05-08	Type-Enhancement;Priority-High	Revive IPT lite to be build via war overlay based on the regular IPT
253	closed	2015-05-08	2015-05-08	Type-Enhancement;Priority-Medium	remove appfuse framework dependency
252	closed	2015-05-08	2015-05-08	Type-Enhancement;Priority-High	Support a different organisation for each resource
251	closed	2015-05-08	2015-05-08	Type-Defect	"DarwinCore ""modified"" date for record: enable mapping and indexing when supplied"
250	closed	2015-05-08	2015-05-08	Type-Enhancement;Priority-High;Component-Logic	DarwinCore has a natural ordering that is inconsistent with equals
249	closed	2015-05-08	2015-05-08	Type-Enhancement;Priority-High	Support multiple source files for a single mapping
248	closed	2015-05-08	2015-05-08	Type-Enhancement	IPT subgroups for users and datasets
247	closed	2015-05-08	2015-05-08	Type-Defect	Can't modify Geographic Coverage without registering a resource
246	closed	2015-05-08	2015-05-08	duplicate;Type-Defect	"""Yikes"" message during resource deletion"
245	closed	2015-05-08	2015-05-08	Type-Enhancement	Static values should be saved in meta.xml, not in text files
244	closed	2015-05-08	2015-05-08	Type-Enhancement	Allow direct extensions for the core
243	closed	2015-05-08	2015-05-08	Type-Enhancement	allow multiple organisations to be used with a single IPT
242	closed	2015-05-08	2015-05-08	Type-Defect;Priority-Critical	Sample dataset (Pontaurus) broken
241	closed	2015-05-08	2015-05-08	Type-Enhancement;Priority-High	Provide user friendly error messages instead of Yikes
240	closed	2015-05-08	2015-05-08	Type-Enhancement	Packaging request
239	closed	2015-05-08	2015-05-08	Type-Defect	Admin editing another Managers resource crashes resource for the manager
238	closed	2015-05-08	2015-05-08	Type-Defect	When built from source - problem arises with links on webservices and resources links: HTTP ERROR: 404  NOT_FOUND
237	closed	2015-05-08	2015-05-08	Type-Enhancement;Component-Docs	Typo in heading
236	closed	2015-05-08	2015-05-08	Priority-Low;Type-Defect;Component-UI	Fix contact html/display on description page
235	closed	2015-05-08	2015-05-08	Type-Defect;Priority-Critical	Wrong location specified in dwc-archive meta.xml <extension><files><location>
234	closed	2015-05-08	2015-05-08	Type-Enhancement;Priority-High	No reason given when file for extension VernacularName can't be written 
233	closed	2015-05-08	2015-05-08	Priority-High;Type-Defect	DwC Archive link throws ServletException if no records were mapped
232	closed	2015-05-08	2015-05-08	Type-Enhancement	Clicking annotation's 'note' link displays drop down anew with every click
231	closed	2015-05-08	2015-05-08	Type-Enhancement;Priority-Low	Consider using the maven release plugin
230	closed	2015-05-08	2015-05-08	Type-Enhancement	Zooming GMaps
229	closed	2015-05-08	2015-05-08	Type-Enhancement;Priority-High;Usability	Updating IPT - locate data directory
228	closed	2015-05-08	2015-05-08	Type-Enhancement	Describe concept format
227	closed	2015-05-08	2015-05-08	Type-Enhancement	Debug messages during import 
226	closed	2015-05-08	2015-05-08	Type-Defect	Errors in counts
225	closed	2015-05-08	2015-05-08	Type-Defect	OS hangs canceling an import
224	closed	2015-05-08	2015-05-08	Type-Defect	long labels on charts
223	closed	2015-05-08	2015-05-08	Type-Defect	Mapping not deleted when deleting a source
222	closed	2015-05-08	2015-05-08	Type-Defect	Problem with the use of accents (e.g. é) both in the field name and in the data
221	closed	2015-05-08	2015-05-08	Type-Defect;Usability;Component-Logic	Import freezes
220	closed	2015-05-08	2015-05-08	Type-Enhancement;Component-Docs	One tip for war deployment
219	closed	2015-05-08	2015-05-08	Type-Enhancement	Reversed mapping
218	closed	2015-05-08	2015-05-08	Type-Enhancement;Priority-Medium	allow modification of ipt.properties in admin settings
217	closed	2015-05-08	2015-05-08	Type-Enhancement;Registry	Show registry URL in admin config
216	closed	2015-05-08	2015-05-08	Type-Enhancement	Automatic update/refresh of dataset loaded to IPT
215	closed	2015-05-08	2015-05-08	Type-Enhancement	Resource annotations
214	closed	2015-05-08	2015-05-08	Type-Defect	Resource mapped but impossible to import in the cache
213	closed	2015-05-08	2015-05-08	Type-Enhancement;Priority-Low	Enable multilingual support for homepage
212	closed	2015-05-08	2015-05-08	Type-Defect;Component-UI	metadata geocoverage map selection wrong
211	closed	2015-05-08	2015-05-08	Type-Enhancement;Component-Docs	"<title> mentions ""occurence"" even for ""checklists"""
210	closed	2015-05-08	2015-05-08	Type-Defect	Checklist: same scientific name with different ID gets overwritten
209	closed	2015-05-08	2015-05-08	Priority-High;Type-Defect	Uploading new version of source file does not change anything in IPT
208	closed	2015-05-08	2015-05-08	Type-Defect	Geoserver dots do not load after zooming in on fullscreen map
207	closed	2015-05-08	2015-05-08	Type-Enhancement	Development registry by default ?
206	closed	2015-05-08	2015-05-08	Type-Defect;Priority-Critical	Extensions with the same name cannot be installed simultaneously
205	closed	2015-05-08	2015-05-08	Priority-High;Type-Defect	When I delete a User the following error message appears
204	closed	2015-05-08	2015-05-08	Type-Enhancement;Priority-Medium	Improved user management
203	closed	2015-05-08	2015-05-08	Type-Enhancement	Add coordinate selection from a map for IPT location configuration
202	closed	2015-05-08	2015-05-08	Type-Enhancement	Allow export/import of configurations
201	closed	2015-05-08	2015-05-08	Type-Enhancement	Map metadata records to dynamic source
200	closed	2015-05-08	2015-05-08	Type-Enhancement	Push data to server
199	closed	2015-05-08	2015-05-08	Type-Defect	Geoserver data directory
198	closed	2015-05-08	2015-05-08	Type-Defect;Usability;Priority-Critical	Consistent internationalization 
197	closed	2015-05-08	2015-05-08	Type-Defect;Priority-Critical	Context menus (Taxonomy and Geography) Load Error! with Internet Explorer
196	closed	2015-05-08	2015-05-08		Coordinates misplaced in Internet Explorer and Chrome
195	closed	2015-05-08	2015-05-08	Priority-High;Usability	possible completeness issue with atom.xml page
194	closed	2015-05-08	2015-05-08		Deleting resource results in data access error
193	closed	2015-05-08	2015-05-08	Type-Defect	Fullscreen button in map causes browser to crash.
192	closed	2015-05-08	2015-05-08	Type-Defect;Priority-Critical	metadata record causes javax.servlet.ServletException: r.recTotal is undefined.
191	closed	2015-05-08	2015-05-08		"Handle CSV files with optional enclosing character of """
190	closed	2015-05-08	2015-05-08		Yikes
189	closed	2015-05-08	2015-05-08	Type-Enhancement;Priority-High	replace TabFileReader with CSVReader
188	closed	2015-05-08	2015-05-08		incorrect counts on the 'By ...' pages 
187	closed	2015-05-08	2015-05-08	Priority-High;Type-Defect	automapping of concepts from db sources doesn't work
186	closed	2015-05-08	2015-05-08	Type-Enhancement;Priority-High	No possibility to reimport an existing mapping from an installation of the IPT to another
185	closed	2015-05-08	2015-05-08	Priority-High;Type-Defect	Point not locale aware, so shown on GMaps incorrectly
184	closed	2015-05-08	2015-05-08		Data Access Failure when deleting resource
183	closed	2015-05-08	2015-05-08	Priority-Medium;Type-Defect	country submap selector links broken
182	closed	2015-05-08	2015-05-08	Priority-High;Type-Defect	NPE when looking at occurrence detail for record without region
181	closed	2015-05-08	2015-05-08		Navigate Geography could be in alphabetical order
180	closed	2015-05-08	2015-05-08		Contact information displaying with extra characters
179	closed	2015-05-08	2015-05-08	Priority-Low;Type-Defect;Usability	alphabetic ordering of geographic tree nav
178	closed	2015-05-08	2015-05-08	Type-Enhancement;Priority-Medium;Annotation	allow human comments
177	closed	2015-05-08	2015-05-08	Type-Enhancement;Annotation	Add annoation API support
176	closed	2015-05-08	2015-05-08	Type-Enhancement;Annotation	Allow (filtered) annotation download as CSV and annotation.xml
175	closed	2015-05-08	2015-05-08	Type-Enhancement;Priority-High;Configuration;Import	Allow file uploads as CSV or Pipe delimited
174	closed	2015-05-08	2015-05-08	Priority-Medium;Type-Defect;Import	EarliestDateCollected needs to be a DATE_PROPERTY
173	closed	2015-05-08	2015-05-08	Type-Enhancement;Priority-High;Configuration;Usability	rename Done button to Back
172	closed	2015-05-08	2015-05-08	Type-Enhancement;Priority-Medium;Component-UI	Metadata & Global spatial context
171	closed	2015-05-08	2015-05-08	Type-Defect	Investigate Exception being seen in logs 
170	closed	2015-05-08	2015-05-08	Type-Defect;Priority-Critical	empty extension mappings break upload
169	closed	2015-05-08	2015-05-08	Priority-Low;Type-Task;Annotation	BCI code validation
168	closed	2015-05-08	2015-05-08	Type-Enhancement;Configuration;Metadata;Registry	collection/institution code mapping with help of BCI
167	closed	2015-05-08	2015-05-08	Type-Enhancement;Priority-Low;Configuration	BCI: Pre-populate metadata form
166	closed	2015-05-08	2015-05-08	Type-Enhancement;Priority-High;Registry	support upcoming classification of dwc extensions
165	closed	2015-05-08	2015-05-08	Type-Enhancement;Configuration	"Checking ""contains headers"" in source file upload saved automatically"
164	closed	2015-05-08	2015-05-08	Type-Enhancement;Priority-High;Configuration	Add configuration Inline help
163	closed	2015-05-08	2015-05-08	Type-Defect	On the Google map (occurrence detail ), Latitude seems correctly displayed but Longitude is wrong
162	closed	2015-05-08	2015-05-08	Priority-High;Type-Defect	Taxonomic and geographic tree for navgation do work in Firefox but not in Mozilla
161	closed	2015-05-08	2015-05-08	Priority-High;Type-Defect;Import	MySQL JDBC driver returns underlying table names rather than defined field names when querying views
160	closed	2015-05-08	2015-05-08	Type-Defect	Number of mapped properties is only displayed as an even number
159	closed	2015-05-08	2015-05-08	Type-Defect;Priority-Critical;Registry	admin base URL change doesnt update registered services
158	closed	2015-05-08	2015-05-08	Type-Enhancement;Priority-Low;Performance	provide single default root node for taxonomic and regional tree
157	closed	2015-05-08	2015-05-08	Type-Enhancement;Priority-Low;Performance	Split cache database, keep separate data cache for each resource
156	closed	2015-05-08	2015-05-08	Type-Enhancement;Priority-High	use ipt.properties registry settings for extension & vocab registry
155	closed	2015-05-08	2015-05-08	Type-Defect;Priority-Critical	Could not delete a resource
154	closed	2015-05-08	2015-05-08	Priority-High	Coordinates don't show in copy of Pontaurus
153	closed	2015-05-08	2015-05-08	Type-Enhancement;Priority-Low	o minor checks of mapped GUID
152	closed	2015-05-08	2015-05-08	Type-Enhancement	Geographic bounding boxes appear to be layered by resource upload date:  global boxes mask earlier boxes
151	closed	2015-05-08	2015-05-08	Type-Defect	Yikes when I deleted the property mappings
150	closed	2015-05-08	2015-05-08	Type-Defect	Configuring GeoServer results in error
149	closed	2015-05-08	2015-05-08	Type-Defect	Map statistics count to high
148	closed	2015-05-08	2015-05-08	Type-Enhancement;Priority-Medium	'Save' and 'Next' in the manage section
147	closed	2015-05-08	2015-05-08	Type-Enhancement	Confusing Save & Done
146	closed	2015-05-08	2015-05-08	Priority-High;Type-Defect	Email display formatting problem
145	closed	2015-05-08	2015-05-08	Type-Enhancement	Form buttons look inactive
144	closed	2015-05-08	2015-05-08	Priority-High;Type-Defect;Import	No taxo tree
143	closed	2015-05-08	2015-05-08	Type-Defect	looking at admin pages without admin role gives yikes
142	closed	2015-05-08	2015-05-08	Type-Enhancement;Priority-Low;Configuration	create star schema diagramm based on installed extensions
141	closed	2015-05-08	2015-05-08	Priority-High;Type-Defect	switch language link doesn't keep GET parameters
140	closed	2015-05-08	2015-05-08	Type-Enhancement;Priority-Medium	add upload event bar chart
139	closed	2015-05-08	2015-05-08	Type-Enhancement;Priority-Medium	"add number of ""other"" taxa in pie chart by terminal taxon"
138	closed	2015-05-08	2015-05-08	Type-Enhancement;Priority-High	add external paging to species & region page 
137	closed	2015-05-08	2015-05-08	Type-Enhancement;Priority-Medium	update metadata from cached data
136	closed	2015-05-08	2015-05-08	Type-Enhancement;Priority-Medium	add orderBy to TAPIR searches
135	closed	2015-05-08	2015-05-08	Type-Enhancement;Priority-Low	update to geoserver 1.7.3
134	closed	2015-05-08	2015-05-08	Type-Enhancement;Priority-Low	add file upload size to settings
133	closed	2015-05-07	2015-06-25	Type-Enhancement;Configuration	Import button not prominent enough
132	closed	2015-05-07	2015-05-07	Type-Defect	Deleting resources
131	closed	2015-05-07	2015-05-07	Type-Enhancement	Column heading should be switched on by default
130	closed	2015-05-07	2015-05-07	Type-Defect	"""Readily supported formats can be found here"" link dead"
129	closed	2015-05-07	2015-05-07	Type-Defect	upload icons when wrong size produce yikes
128	closed	2015-05-07	2015-05-07		error when deleting metadata doc
127	closed	2015-05-07	2015-05-07	Priority-Low;Type-Defect	big white square on property mapping in IE7
126	closed	2015-05-07	2015-05-07		Heigh of the rows in thesaurus list
125	closed	2015-05-07	2015-05-07		Close button in Annotation detail not works
124	closed	2015-05-07	2015-05-07		Admin cannot manage all resources
123	closed	2015-05-07	2015-05-07	Type-Enhancement;Priority-Low;Component-UI	Identical labels for 'Settings' section and subsection 
122	closed	2015-05-07	2015-05-07	Type-Enhancement;Priority-Low;Configuration	The function of the asterisks in the settings sections is not explained anywhere
121	closed	2015-05-07	2015-05-07	Priority-Medium;Type-Defect	JDBC connection doesn't get updated
120	closed	2015-05-07	2015-05-07	Type-Defect;Registry	Resource Status doesn't show
119	closed	2015-05-07	2015-05-07	Type-Defect	Coordinates not shown after SQL upload
118	closed	2015-05-07	2015-05-07	Priority-Medium;Type-Defect	Taxonomy tree doesn't work
117	closed	2015-05-07	2015-05-07		"""Logs"" links refers to a non-existing page"
116	closed	2015-05-07	2015-05-07	Type-Defect	Geographic coverage not working
115	closed	2015-05-07	2015-05-07		description image URL in IPT instance doesn't update
114	closed	2015-05-07	2015-05-07		canceling upload doesnt work
113	closed	2015-05-07	2015-05-07	Type-Enhancement	Enhancement: HTML editor for the font/about page
112	closed	2015-05-07	2015-05-07		CSS on taxonomy trees broken in Safari
111	closed	2015-05-07	2015-05-07		Styling issue - menu underlaps map
110	closed	2015-05-07	2015-05-07	Priority-Low	Styling issue
109	closed	2015-05-07	2015-05-07	Component-UI	admin/activeDatasources layout
108	closed	2015-05-07	2015-05-07		Styling issue
107	closed	2015-05-07	2015-05-07	Priority-Medium;Type-Defect;Component-UI	flash maps displaced
106	closed	2015-05-07	2015-05-07	Type-Enhancement	No summary taxonomic data for imported checklist (IUCN as Occurrence data)
105	closed	2015-05-07	2015-05-07		newly assigned properties doesn't commit after saving
104	closed	2015-05-07	2015-05-07	Type-Defect	Cannot connect to Oracle
103	closed	2015-05-07	2015-05-07	Type-Defect	Uploaded a tab file but feedback reports {0} columns
102	closed	2015-05-07	2015-05-07	Type-Enhancement;Priority-High;Metadata	Requirement for future version:  Checklist Support:  Bibliographic reference
101	closed	2015-05-07	2015-05-07	Type-Defect	Yikes when I deleted a resource entry that I wanted to remove.
100	closed	2015-05-07	2015-05-07		Cannot Assign Roles in user profile page
99	closed	2015-05-07	2015-05-07		Username links in View Users page broken
98	closed	2015-05-07	2015-05-07	Type-Enhancement;Priority-Low	Annotations text
97	closed	2015-05-07	2015-05-07		missing css files for gbifn theme
96	closed	2015-05-07	2015-05-07	Type-Defect	IE Styling - taxonomy browsing
95	closed	2015-05-07	2015-05-07	Type-Enhancement;Priority-Low	spatial versus temporal coverages
94	closed	2015-05-07	2015-05-07		The title entry box is very limited in size on the Basic Metadata page
93	closed	2015-05-07	2015-05-07	Type-Enhancement;Priority-High;Configuration;Metadata	Not clear what date formats are acceptable in the temporal coverage resource
92	closed	2015-05-07	2015-05-07		"Java crash ""SubsampleAverage"" operation`s value for parameter ""scaleX"" is invalid."
91	closed	2015-05-07	2015-05-07	Component-UI	link to resource home missing
90	closed	2015-05-07	2015-05-07		Extension deletion
89	closed	2015-05-07	2015-05-07	Component-UI	form text size inconsistent
88	closed	2015-05-07	2015-05-07	Component-UI;design	resource overview layout
87	closed	2015-05-07	2015-05-07	Type-Enhancement;Priority-Low	missing search button
86	closed	2015-05-07	2015-05-07		admin map wrong positioned
85	closed	2015-05-07	2015-05-07	Priority-Low;Type-Defect	WMS maps dont work with Google projection
84	closed	2015-05-07	2015-05-07	Priority-High;Type-Defect	Broken link on occurrences pages
83	closed	2015-05-07	2015-05-07		Broken link on map statistics page
82	closed	2015-05-07	2015-05-07		xml rdf renders unformatted in Safari
81	closed	2015-05-07	2015-05-07	Type-Enhancement;Priority-Low	Colmn headers crowded, not enough space to display sorting arrows
80	closed	2015-05-07	2015-05-07		css problem with header name not displaying properly
79	closed	2015-05-07	2015-05-07		Text on graph gets cut off
78	closed	2015-05-07	2015-05-07		Broken link on resource annotations page in Firefox
77	closed	2015-05-07	2015-05-07		Decompression of zip file fails
76	closed	2015-05-07	2015-05-07		Unexpected download name
75	closed	2015-05-07	2015-05-07		Edit user profile
74	closed	2015-05-07	2015-05-07		The new sign.up image leads to an error page
73	closed	2015-05-07	2015-05-07		Cannot map properties in a checklist
72	closed	2015-05-07	2015-05-07		Cannot publish metadata
71	closed	2015-05-07	2015-05-07		Cannot assign roles to users
70	closed	2015-05-07	2015-05-07		cannot save a new resource - checklist
69	closed	2015-05-07	2015-05-07		cannot delete existing resources; the 'yikes..' message appears.
68	closed	2015-05-07	2015-05-07	Type-Enhancement;Priority-Medium	Add upload scheduler
67	closed	2015-05-07	2015-05-07		crash after deleting a source file
66	closed	2015-05-07	2015-06-25	Type-Enhancement;Priority-Low	add map & chart sizes+colors to theme
65	closed	2015-05-07	2015-05-07	Priority-Medium	cater for 404. Record not found
64	closed	2015-05-07	2015-05-07		coordinates missing
63	closed	2015-05-07	2015-05-07		Signup broken
62	closed	2015-05-07	2015-05-07		Unable to upload simple denormalised checklist
61	closed	2015-05-07	2015-05-07		Full metadata link broken on occurrence resource overview
60	closed	2015-05-07	2015-05-07		No Geoserver map
59	closed	2015-05-07	2015-05-07	Priority-High	Deleting source file results in Yikes
58	closed	2015-05-07	2015-05-07		Inconsistent statistics for country
57	closed	2015-05-07	2015-05-07		Expression eml.getGeographicCoverage().boundingCoordinates is undefined on line 85, column 87 in WEB-INF/pages/portal/meta/resource.ftl.
56	closed	2015-05-07	2015-05-07	Type-Enhancement;Priority-Low	Upload in Progress - No feedback to user
55	closed	2015-05-07	2015-05-07	Type-Defect;Priority-Critical	Uploading Occurrence - Must be published before Geoserver FT are written
54	closed	2015-05-07	2015-05-07	Priority-Medium;Type-Defect	XML & RDF details from EuroMed demo resource return errors
53	closed	2015-05-07	2015-05-07	Configuration	Uploading source data UI issues
52	closed	2015-05-07	2015-05-07		change default settings to use ipt-1.0beta as baseURL
51	closed	2015-05-07	2015-05-07	Type-Enhancement;Priority-Low	move email properties to ipt.properties
50	closed	2015-05-07	2015-05-07	Priority-High;Type-Defect	admin deleting user fails - transaction
49	closed	2015-05-07	2015-05-07		[Issue Deleted]
48	closed	2015-05-07	2015-05-07		SourceID linking to localhost
47	closed	2015-05-07	2015-05-07		viewing by class
46	closed	2015-05-07	2015-05-07	Type-Other;Priority-Critical	provide upgrade script for releases after 1.0
45	closed	2015-05-07	2015-05-07	Priority-High;Type-Defect	admin pages cannot be accessed
44	closed	2015-05-07	2015-05-07	Priority-Medium;Type-Defect	fulltext search result pagination
43	closed	2015-05-07	2015-05-07	Priority-High;Type-Defect;Component-UI	Internet Explorer renders horribly
42	closed	2015-05-07	2015-05-07	Type-Enhancement;Priority-Medium	full text search cant handle whitespace yet
41	closed	2015-05-07	2015-05-07	Type-Enhancement;Priority-Low;Performance	Investigate how to serve static files more efficiently
40	closed	2015-05-07	2015-05-07	Priority-Medium	Use proper http client for TAPIR templates
39	closed	2015-05-07	2015-05-07	Type-Enhancement;Priority-Medium;Metadata	archive EML document versions
38	closed	2015-05-07	2015-05-07	Type-Enhancement;Priority-Medium;Metadata	auto enhance metadata based on data
37	closed	2015-05-07	2015-05-07	Type-Enhancement;Priority-Low;Metadata	load existing EML documents
36	closed	2015-05-07	2015-05-07	Usability	Menus drop down CSS / JS problems
35	closed	2015-05-07	2015-05-07	Type-Enhancement;Priority-Medium;Configuration	"add BCI ""widget"" for distinct collections"
34	closed	2015-05-07	2015-05-07	Priority-Medium;Type-Defect	add #1 admin user
33	closed	2015-05-07	2015-05-07	Type-Enhancement;Priority-Medium	resource browser in metadata/default sub-navigation
32	closed	2015-05-07	2015-05-07	Type-Enhancement;Priority-Low	RSS feed for all resource
31	closed	2015-05-07	2015-05-07	Type-Enhancement;Priority-Medium;Configuration	BCI validation
30	closed	2015-05-07	2015-05-07	Type-Enhancement;Priority-Medium	merge by inst+coll chart & top10 into taxa
29	closed	2015-05-07	2015-05-07	Type-Enhancement;Priority-Medium	mapping of controlled terms
28	closed	2015-05-07	2015-05-07	Type-Enhancement;Priority-Medium	"""Resource being updated"" interceptor"
27	closed	2015-05-07	2015-05-07	Type-Enhancement;Priority-Medium	add resource property to all composition dwc entities
26	closed	2015-05-07	2015-05-07	Type-Enhancement;Priority-Low;Configuration	upload event graph should work with 1 upload only
25	closed	2015-05-07	2015-05-07	Priority-Medium;Type-Defect	upload event created wrong
24	closed	2015-05-07	2015-05-07	Priority-High;Type-Defect	fixed value mapping stored wrong
23	closed	2015-05-07	2015-05-07	Type-Enhancement;Priority-High	extend dwc with geospatial & curatorial
22	closed	2015-05-07	2015-05-07	Type-Enhancement;Priority-Medium	keep namespace with property not extension
21	closed	2015-05-07	2015-05-07	Type-Enhancement;Priority-Medium	add tab file dump + taxonomy generation job
20	closed	2015-05-07	2015-05-07	Type-Enhancement;Priority-Medium	add isProblematic to core record
19	closed	2015-05-07	2015-05-07	Type-Enhancement;Priority-Low	add logevent admin overview page
18	closed	2015-05-07	2015-05-07	Priority-High;Type-Defect	hash code stack overflow when uploading the same occurrence resource more than once
17	closed	2015-05-07	2015-05-07	Type-Enhancement;Priority-Low	wrap jobs in transactions
16	closed	2015-05-07	2015-05-07	Priority-High;Type-Defect	use table.column name for mapping
15	closed	2015-05-07	2015-05-07	Priority-Low;Type-Defect	help link to open in new window
14	closed	2015-05-07	2015-05-07	Priority-High;Type-Defect	add GBIF logo
13	closed	2015-05-07	2015-05-07	Priority-High;Type-Defect	add GBIF logo
12	closed	2015-05-07	2015-05-07	Priority-Medium;Type-Defect	adding occ resources db connection bug
11	closed	2015-05-07	2015-05-07	Priority-Medium;Type-Defect	add upload when form + allow repeatable jobs
10	closed	2015-05-07	2015-05-07	Type-Enhancement;Priority-Medium	keep job source ID+Type in uploadEvent record
9	closed	2015-05-07	2015-05-07	Type-Enhancement;Priority-Medium;Occurrence	webtests for occurrence resources
8	closed	2015-05-07	2015-05-07	Type-Enhancement;Priority-High;Occurrence	TAPIR occurrence interface
7	closed	2015-05-07	2015-05-07	Type-Enhancement;Priority-Low;Occurrence	occurrence REST
6	closed	2015-05-07	2015-05-07	Type-Enhancement;Priority-Medium	Integrate Geoserver
5	closed	2015-05-07	2015-05-07	Type-Enhancement;Priority-Medium	file import source
4	closed	2015-05-07	2015-05-07	Type-Enhancement;Priority-Medium	model tests
3	closed	2015-05-07	2015-05-07	Type-Enhancement;Priority-Medium	strings for dwc properties
2	closed	2015-05-07	2015-05-07	Type-Enhancement;Priority-Medium	show upload log events
1	closed	2015-05-07	2015-05-07	Type-Enhancement;Priority-High	upload jobs
